latitude,longitude,geometry,OBJECTID_1,OBJECTID,NAMA,JENIS,KELURAHAN,KECAMATAN,KOTA_ADMIN
-6.115506786,106.7807391,Point,113,1833,APOTEK LAB MEDIKA,FASILITAS KESEHATAN,PLUIT,PENJARINGAN,JAKARTA UTARA
-6.106651818,106.7746559,Point,114,1865,KANTOR KESEHATAN PELABUHAN KELAS I TANJUNG PRIOK,FASILITAS KESEHATAN,PLUIT,PENJARINGAN,JAKARTA UTARA
-6.130929425,106.7956613,Point,115,1866,BALAI KESEHATAN MASYARAKAT,FASILITAS KESEHATAN,PENJARINGAN,PENJARINGAN,JAKARTA UTARA
-6.122558003,106.7879749,Point,116,1868,APOTEK PUTRI,FASILITAS KESEHATAN,PLUIT,PENJARINGAN,JAKARTA UTARA
-6.123674444,106.7884667,Point,117,1872,APOTEK KENCANA RAYA,FASILITAS KESEHATAN,PLUIT,PENJARINGAN,JAKARTA UTARA
-6.13283073,106.7791798,Point,118,1874,PUSKESMAS KELURAHAN PENJAGALAN,FASILITAS KESEHATAN,PENJAGALAN,PENJARINGAN,JAKARTA UTARA
-6.133197861,106.7903543,Point,119,1924,RSIA FAMILY,FASILITAS KESEHATAN,PENJAGALAN,PENJARINGAN,JAKARTA UTARA
-6.107795624,106.9300546,Point,120,1962,POLIKILINIK,FASILITAS KESEHATAN,SEMPER TIMUR,CILINCING,JAKARTA UTARA
-6.10385457,106.9397849,Point,121,2008,PUSKESMAS KECAMATAN CILINCING,FASILITAS KESEHATAN,CILINCING,CILINCING,JAKARTA UTARA
-6.101906124,106.9291603,Point,122,2030,PUSKESMAS KELURAHAN KALI BARU,FASILITAS KESEHATAN,KALI BARU,CILINCING,JAKARTA UTARA
-6.11036779,106.8893664,Point,123,2034,RS. PORT MEDICAL CENTER-POLI BEDAH UMUM,FASILITAS KESEHATAN,TANJUNG PRIOK,TANJUNG PRIOK,JAKARTA UTARA
-6.153958575,106.8130107,Point,124,2084,PUSKESMAS KELURAHAN KEAGUNGAN,FASILITAS KESEHATAN,KEAGUNGAN,TAMAN SARI,JAKARTA BARAT
-6.156137182,106.8196658,Point,125,2102,PUSKESMAS KELURAHAN MAPHAR,FASILITAS KESEHATAN,MAPHAR,TAMAN SARI,JAKARTA BARAT
-6.154248627,106.8186276,Point,126,2106,KLINIK KARUNIA,FASILITAS KESEHATAN,MAPHAR,TAMAN SARI,JAKARTA BARAT
-6.154583879,106.8239083,Point,127,2118,PUSKESMAS KELURAHAN TAMANSARI,FASILITAS KESEHATAN,TAMAN SARI,TAMAN SARI,JAKARTA BARAT
-6.154553563,106.8231607,Point,128,2119,PUSKESMAS KELURAHAN TAMANSARI,FASILITAS KESEHATAN,TAMAN SARI,TAMAN SARI,JAKARTA BARAT
-6.163756197,106.8215672,Point,129,2130,PUSKESMAS KELURAHAN KEBON KELAPA,FASILITAS KESEHATAN,KEBON KELAPA,GAMBIR,JAKARTA PUSAT
-6.153413646,106.831921,Point,130,2164,PUSKESMAS KELURAHAN KARTINI,FASILITAS KESEHATAN,KARTINI,SAWAH BESAR,JAKARTA PUSAT
-6.159533876,106.8399032,Point,131,2201,POSYANDU TERATAI RW 01,FASILITAS KESEHATAN,GUNUNG SAHARI SELATAN,KEMAYORAN,JAKARTA PUSAT
-6.153629812,106.8398999,Point,132,2205,MAHATMA GANDHI SCHOOL,FASILITAS KESEHATAN,GUNUNG SAHARI SELATAN,KEMAYORAN,JAKARTA PUSAT
-6.151910483,106.8386021,Point,133,2208,PUSKESMAS GUNUNG SAHARI UTARA,FASILITAS KESEHATAN,GUNUNG SAHARI UTARA,SAWAH BESAR,JAKARTA PUSAT
-6.15431442,106.8457509,Point,134,2211,RS HERMINA,FASILITAS KESEHATAN,GUNUNG SAHARI SELATAN,KEMAYORAN,JAKARTA PUSAT
-6.162283171,106.85608,Point,135,2226,PUSKESMAS KEL. UTAN PANJANG,FASILITAS KESEHATAN,UTAN PANJANG,KEMAYORAN,JAKARTA PUSAT
-6.162150261,106.8544016,Point,136,2227,KLINIK MH. THAMRIN,FASILITAS KESEHATAN,UTAN PANJANG,KEMAYORAN,JAKARTA PUSAT
-6.161305115,106.8561224,Point,137,2228,RUMAH BERSALIN H.S. MANGKUPRAWIRA,FASILITAS KESEHATAN,UTAN PANJANG,KEMAYORAN,JAKARTA PUSAT
-6.158367932,106.8541449,Point,138,2234,PUSKESMAS KEBON KOSONG 2,FASILITAS KESEHATAN,KEBON KOSONG,KEMAYORAN,JAKARTA PUSAT
-6.156746992,106.8565087,Point,139,2239,PUSKESMAS KELURAHAN KEBON KOSONG I,FASILITAS KESEHATAN,KEBON KOSONG,KEMAYORAN,JAKARTA PUSAT
-6.194730632,106.7363681,Point,1,48,RSU KECAMATAN KEMBANGAN,FASILITAS KESEHATAN,MERUYA UTARA,KEMBANGAN,JAKARTA BARAT
-6.196184053,106.7350653,Point,2,51,POSYANDU MELATI II,FASILITAS KESEHATAN,MERUYA UTARA,KEMBANGAN,JAKARTA BARAT
-6.196794759,106.7324243,Point,3,52,KLINIK BUDHI MEDIKA,FASILITAS KESEHATAN,MERUYA UTARA,KEMBANGAN,JAKARTA BARAT
-6.205193555,106.7368154,Point,4,87,POSYANDU BOUGENVILLE,FASILITAS KESEHATAN,MERUYA SELATAN,KEMBANGAN,JAKARTA BARAT
-6.214533309,106.7242488,Point,5,96,PUSKESMAS KECAMATAN KEMBANGAN,FASILITAS KESEHATAN,MERUYA SELATAN,KEMBANGAN,JAKARTA BARAT
-6.209562879,106.7383966,Point,6,108,PUSKESMAS MERUYA SELATAN I,FASILITAS KESEHATAN,MERUYA SELATAN,KEMBANGAN,JAKARTA BARAT
-6.215153217,106.7374495,Point,7,112,KLINIK ASRI MEDIKA,FASILITAS KESEHATAN,MERUYA SELATAN,KEMBANGAN,JAKARTA BARAT
-6.21827968,106.7252428,Point,8,123,PUSKESMAS KELURAHAN JOGLO II,FASILITAS KESEHATAN,JOGLO,KEMBANGAN,JAKARTA BARAT
-6.220958982,106.7315704,Point,9,149,PUSKESMAS JOGLO I,FASILITAS KESEHATAN,JOGLO,KEMBANGAN,JAKARTA BARAT
-6.193732212,106.7399638,Point,10,154,PUSKESMAS KECAMATAN KEMBANGAN,FASILITAS KESEHATAN,MERUYA UTARA,KEMBANGAN,JAKARTA BARAT
-6.203704521,106.7570545,Point,11,180,PUSKESMAS KELURAHAN SRENGSENG,FASILITAS KESEHATAN,SRENGSENG,KEMBANGAN,JAKARTA BARAT
-6.181382962,106.7201226,Point,12,213,PUSKESMAS DURI KOSAMBI I,FASILITAS KESEHATAN,DURI KOSAMBI,CENGKARENG,JAKARTA BARAT
-6.183278575,106.7182841,Point,13,217,KLINIK HUSADA,FASILITAS KESEHATAN,DURI KOSAMBI,CENGKARENG,JAKARTA BARAT
-6.189814442,106.7236512,Point,14,225,PUSKESMAS KEMBANGAN SELATAN,FASILITAS KESEHATAN,KEMBANGAN SELATAN,KEMBANGAN,JAKARTA BARAT
-6.220436767,106.7198971,Point,15,229,POSYANDU ANGGREK,FASILITAS KESEHATAN,JOGLO,KEMBANGAN,JAKARTA BARAT
-6.21898119,106.728491,Point,16,230,KLINIK SAFIRA,FASILITAS KESEHATAN,JOGLO,KEMBANGAN,JAKARTA BARAT
-6.133543995,106.6882155,Point,17,258,POSYANDU KENCANA II,FASILITAS KESEHATAN,PEGADUNGAN,KALIDERES,JAKARTA BARAT
-6.137674157,106.6915468,Point,18,260,POSYANDU RW 01,FASILITAS KESEHATAN,PEGADUNGAN,KALIDERES,JAKARTA BARAT
-6.130015954,106.6963912,Point,19,264,PUSKESMAS KECAMATAN KALIDERES,FASILITAS KESEHATAN,PEGADUNGAN,KALIDERES,JAKARTA BARAT
-6.141708402,106.7079543,Point,20,279,KLINIK CIPUTRA,FASILITAS KESEHATAN,PEGADUNGAN,KALIDERES,JAKARTA BARAT
-6.149603565,106.7018668,Point,21,288,RS MITRA KELUARGA,FASILITAS KESEHATAN,KALIDERES,KALIDERES,JAKARTA BARAT
-6.150988169,106.7021144,Point,22,289,KLINIK KUSUMA,FASILITAS KESEHATAN,KALIDERES,KALIDERES,JAKARTA BARAT
-6.153962809,106.7041316,Point,23,295,PUSKESMAS KELURAHAN KALIDERES I,FASILITAS KESEHATAN,KALIDERES,KALIDERES,JAKARTA BARAT
-6.155029562,106.7042871,Point,24,302,POSYANDU KEMALA XII-19,FASILITAS KESEHATAN,KALIDERES,KALIDERES,JAKARTA BARAT
-6.138050427,106.6983245,Point,25,332,POSYANDU SAYANG IBU,FASILITAS KESEHATAN,PEGADUNGAN,KALIDERES,JAKARTA BARAT
-6.141336531,106.6972595,Point,26,362,PUSKESMAS DAN RUMAH BERSALIN PEGADUNGAN III,FASILITAS KESEHATAN,PEGADUNGAN,KALIDERES,JAKARTA BARAT
-6.159209707,106.7051262,Point,27,382,PUSKESMAS KELURAHAN SEMANAN I,FASILITAS KESEHATAN,SEMANAN,KALIDERES,JAKARTA BARAT
-6.16066894,106.7040548,Point,28,386,KLINIK 24 JAM SEMANAN,FASILITAS KESEHATAN,SEMANAN,KALIDERES,JAKARTA BARAT
-6.167919177,106.7026526,Point,29,396,PUSKESMAS KELURAHAN SEMANAN II,FASILITAS KESEHATAN,SEMANAN,KALIDERES,JAKARTA BARAT
-6.168219025,106.7179124,Point,30,439,KLINIK MEDIKA BINA SEJAHTERA,FASILITAS KESEHATAN,DURI KOSAMBI,CENGKARENG,JAKARTA BARAT
-6.164838713,106.7245457,Point,31,455,PUSKESMAS DURI KOSAMBI II,FASILITAS KESEHATAN,DURI KOSAMBI,CENGKARENG,JAKARTA BARAT
-6.181985979,106.7166652,Point,32,485,POSYANDU RW. 08,FASILITAS KESEHATAN,DURI KOSAMBI,CENGKARENG,JAKARTA BARAT
-6.157747031,106.6972993,Point,33,505,POSYANDU KEMUNING,FASILITAS KESEHATAN,KALIDERES,KALIDERES,JAKARTA BARAT
-6.152156517,106.6904281,Point,34,506,POSYANDU KUNCUP HARAPAN,FASILITAS KESEHATAN,KALIDERES,KALIDERES,JAKARTA BARAT
-6.139168599,106.7031345,Point,35,520,PUSKESMAS KELURAHAN PEGADUNGAN,FASILITAS KESEHATAN,PEGADUNGAN,KALIDERES,JAKARTA BARAT
-6.094649007,106.7206552,Point,36,529,PUSKESMAS KAMAL MUARA,FASILITAS KESEHATAN,KAMAL MUARA,PENJARINGAN,JAKARTA UTARA
-6.123125834,106.7049659,Point,37,607,CIPUTRA HOSPITAL,FASILITAS KESEHATAN,PEGADUNGAN,KALIDERES,JAKARTA BARAT
-6.170818482,106.8091191,Point,38,674,KLINIK PELA 9,FASILITAS KESEHATAN,CIDENG,GAMBIR,JAKARTA PUSAT
-6.1671718,106.8103018,Point,39,681,KLINIK LABORATORIUM PRODIA CIDENG,FASILITAS KESEHATAN,CIDENG,GAMBIR,JAKARTA PUSAT
-6.16253284,106.8097922,Point,40,688,PUSKESMAS DURI PULO,FASILITAS KESEHATAN,DURI PULO,GAMBIR,JAKARTA PUSAT
-6.15763215,106.8099989,Point,41,697,RUMAH SAKIT IBU DAN ANAK ARIES,FASILITAS KESEHATAN,TANAH SEREAL,TAMBORA,JAKARTA BARAT
-6.158041932,106.8092587,Point,42,698,KLINIK CENDANA,FASILITAS KESEHATAN,TANAH SEREAL,TAMBORA,JAKARTA BARAT
-6.1658398,106.8013351,Point,43,714,KLINIK SETIA,FASILITAS KESEHATAN,DURI PULO,GAMBIR,JAKARTA PUSAT
-6.163472135,106.7977724,Point,44,719,PUSKESMAS KELURAHAN GROGOL,FASILITAS KESEHATAN,GROGOL,GROGOL PETAMBURAN,JAKARTA BARAT
-6.157609899,106.8084106,Point,45,721,KLINIK LOTUS,FASILITAS KESEHATAN,TANAH SEREAL,TAMBORA,JAKARTA BARAT
-6.154856029,106.8120661,Point,46,723,PUSKESMAS KELURAHAN KRUKUT,FASILITAS KESEHATAN,KRUKUT,TAMAN SARI,JAKARTA BARAT
-6.154993958,106.8090221,Point,47,725,KLINIK FAMILIA,FASILITAS KESEHATAN,TANAH SEREAL,TAMBORA,JAKARTA BARAT
-6.159052039,106.8011991,Point,48,746,POSYANDU RW 07,FASILITAS KESEHATAN,KALI ANYAR,TAMBORA,JAKARTA BARAT
-6.15323585,106.8065037,Point,49,783,PUSKESMAS KELURAHAN DURI UTARA,FASILITAS KESEHATAN,DURI UTARA,TAMBORA,JAKARTA BARAT
-6.152461533,106.8100905,Point,50,791,PUSKESMAS KELURAHAN TANAH SEREAL,FASILITAS KESEHATAN,TANAH SEREAL,TAMBORA,JAKARTA BARAT
-6.147305132,106.8099894,Point,51,810,KLINIK PUSPITA GRIYA HUSADA,FASILITAS KESEHATAN,TAMBORA,TAMBORA,JAKARTA BARAT
-6.145289697,106.8103565,Point,52,813,PUSKESMAS KELURAHAN TAMBORA,FASILITAS KESEHATAN,TAMBORA,TAMBORA,JAKARTA BARAT
-6.135888648,106.8091913,Point,53,829,PUSKESMAS KELURAHAN ROA MALAKA,FASILITAS KESEHATAN,MALAKA,TAMBORA,JAKARTA BARAT
-6.154783,106.7981155,Point,54,844,KLINIK HUSADA MULIA,FASILITAS KESEHATAN,JEMBATAN BESI,TAMBORA,JAKARTA BARAT
-6.149520439,106.7996853,Point,55,850,PUSKESMAS KELURAHAN JEMBATAN BESI,FASILITAS KESEHATAN,JEMBATAN BESI,TAMBORA,JAKARTA BARAT
-6.148174259,106.804588,Point,56,858,PUSKESMAS KECAMATAN TAMBORA,FASILITAS KESEHATAN,KRENDANG,TAMBORA,JAKARTA BARAT
-6.145645224,106.8001263,Point,57,861,KLINIK PRIMA MEDIKA,FASILITAS KESEHATAN,ANGKE,TAMBORA,JAKARTA BARAT
-6.143958364,106.7996203,Point,58,867,PUSKESMAS KELURAHAN ANGKE,FASILITAS KESEHATAN,ANGKE,TAMBORA,JAKARTA BARAT
-6.139284229,106.8006348,Point,59,901,PUSKESMAS PEKOJAN 2,FASILITAS KESEHATAN,PEKOJAN,TAMBORA,JAKARTA BARAT
-6.1408381,106.8006458,Point,60,903,KLINIK HARAPAN IBU,FASILITAS KESEHATAN,PEKOJAN,TAMBORA,JAKARTA BARAT
-6.138803661,106.8032253,Point,61,908,KLINIK PRATAMA BUDI KEMULIAAN,FASILITAS KESEHATAN,PEKOJAN,TAMBORA,JAKARTA BARAT
-6.13461685,106.80392,Point,62,910,BALAI KESEHATAN MASYARAKAT YAYASAN RUMAH ABU LILM,FASILITAS KESEHATAN,PEKOJAN,TAMBORA,JAKARTA BARAT
-6.133511489,106.8032388,Point,63,915,PUSKESMAS KELURAHAN PEKAJON,FASILITAS KESEHATAN,PEKOJAN,TAMBORA,JAKARTA BARAT
-6.138918482,106.7966647,Point,64,924,APOTIK SARIWARAS,FASILITAS KESEHATAN,PENJAGALAN,PENJARINGAN,JAKARTA UTARA
-6.138598312,106.7927789,Point,65,925,APOTIK DHARMA HUSADA,FASILITAS KESEHATAN,PENJAGALAN,PENJARINGAN,JAKARTA UTARA
-6.145218449,106.7955161,Point,66,933,POSYANDU SERUNI,FASILITAS KESEHATAN,ANGKE,TAMBORA,JAKARTA BARAT
-6.143139025,106.7940181,Point,67,938,KLINIK LABORATORIUM ETIKA,FASILITAS KESEHATAN,ANGKE,TAMBORA,JAKARTA BARAT
-6.158076682,106.7935237,Point,68,950,PUSKESMAS GROGOL 1,FASILITAS KESEHATAN,GROGOL,GROGOL PETAMBURAN,JAKARTA BARAT
-6.16041851,106.796073,Point,69,954,RSU IBNU SINA,FASILITAS KESEHATAN,GROGOL,GROGOL PETAMBURAN,JAKARTA BARAT
-6.160110445,106.7956549,Point,70,958,PUSKESMAS GROGOL 2,FASILITAS KESEHATAN,GROGOL,GROGOL PETAMBURAN,JAKARTA BARAT
-6.166501602,106.7852705,Point,71,961,RS ROYAL TARUMA,FASILITAS KESEHATAN,TANJUNG DUREN UTARA,GROGOL PETAMBURAN,JAKARTA BARAT
-6.162821267,106.7882816,Point,72,975,RS JIWA SOEHARTO HEERDJAN,FASILITAS KESEHATAN,JELAMBAR,GROGOL PETAMBURAN,JAKARTA BARAT
-6.133559613,106.7903365,Point,73,995,RS FAMILY,FASILITAS KESEHATAN,PENJAGALAN,PENJARINGAN,JAKARTA UTARA
-6.160482769,106.7683857,Point,74,1036,PUSKESMAS KELURAHAN KEDOYA UTARA,FASILITAS KESEHATAN,KEDOYA,KEBON JERUK,JAKARTA BARAT
-6.161602184,106.7670077,Point,75,1037,KLINIK KEDOYA,FASILITAS KESEHATAN,KEDOYA,KEBON JERUK,JAKARTA BARAT
-6.123106253,106.7391589,Point,76,1076,RUMAH SAKIT GRAND FAMILY,FASILITAS KESEHATAN,KAMAL MUARA,PENJARINGAN,JAKARTA UTARA
-6.131946753,106.7371129,Point,77,1092,RS CINTA KASIH TZU CHI,FASILITAS KESEHATAN,CENGKARENG TIMUR,CENGKARENG,JAKARTA BARAT
-6.142835867,106.7349816,Point,78,1103,RSUD CENGKARENG,FASILITAS KESEHATAN,CENGKARENG TIMUR,CENGKARENG,JAKARTA BARAT
-6.152908264,106.7123249,Point,79,1114,RUMAH SAKIT HERMINA DAAN MOGOT,FASILITAS KESEHATAN,KALI DERES,KALIDERES,JAKARTA BARAT
-6.172781949,106.7484237,Point,80,1286,PUSKESMAS KEMBANGAN UTARA,FASILITAS KESEHATAN,KEMBANGAN UTARA,KEMBANGAN,JAKARTA BARAT
-6.180118079,106.7595437,Point,81,1295,PUSKESMAS KELURAHAN KEDOYA SELATAN,FASILITAS KESEHATAN,KEDOYA SELATAN,KEBON JERUK,JAKARTA BARAT
-6.149256916,106.7337814,Point,82,1305,PUSKESMAS KELURAHAN CENGKARENG TIMUR,FASILITAS KESEHATAN,CENGKARENG TIMUR,CENGKARENG,JAKARTA BARAT
-6.164787914,106.7334463,Point,83,1325,PUSKESMAS KELURAHAN RAWA BUAYA,FASILITAS KESEHATAN,RAWA BUAYA,CENGKARENG,JAKARTA BARAT
-6.147194449,106.7516123,Point,84,1351,KLINIK BNN,FASILITAS KESEHATAN,KEDAUNG KALIANGKE,CENGKARENG,JAKARTA BARAT
-6.16516695,106.7458994,Point,85,1359,KLINIK HERBAL KARYASADI,FASILITAS KESEHATAN,RAWA BUAYA,CENGKARENG,JAKARTA BARAT
-6.162843025,106.7453146,Point,86,1366,BIDAN HJ MARTINI,FASILITAS KESEHATAN,RAWA BUAYA,CENGKARENG,JAKARTA BARAT
-6.16192105,106.7457912,Point,87,1367,BIDAN HUSDIATI,FASILITAS KESEHATAN,RAWA BUAYA,CENGKARENG,JAKARTA BARAT
-6.160815826,106.7453381,Point,88,1368,BIDAN SURYA WARYANTI,FASILITAS KESEHATAN,RAWA BUAYA,CENGKARENG,JAKARTA BARAT
-6.163410177,106.7478357,Point,89,1369,DOKTER PRAKTEK,FASILITAS KESEHATAN,RAWA BUAYA,CENGKARENG,JAKARTA BARAT
-6.14871889,106.7211682,Point,90,1373,HOSANA MEDIKA,FASILITAS KESEHATAN,CENGKARENG BARAT,CENGKARENG,JAKARTA BARAT
-6.165303604,106.7624244,Point,91,1384,KLINIK DAN LAB BIOMEDICA,FASILITAS KESEHATAN,KEDOYA UTARA,KEBON JERUK,JAKARTA BARAT
-6.150856596,106.7437851,Point,92,1414,"BIDAN MELIA SANTI, AMKEB",FASILITAS KESEHATAN,KAPUK,CENGKARENG,JAKARTA BARAT
-6.146691174,106.7327017,Point,93,1439,KLINIK 24 JAM,FASILITAS KESEHATAN,CENGKARENG TIMUR,CENGKARENG,JAKARTA BARAT
-6.146306499,106.7356246,Point,94,1452,POSYANDU RT 001,FASILITAS KESEHATAN,CENGKARENG TIMUR,CENGKARENG,JAKARTA BARAT
-6.147419255,106.7382606,Point,95,1453,POSYANDU RW 12,FASILITAS KESEHATAN,KAPUK,CENGKARENG,JAKARTA BARAT
-6.186202298,106.7353856,Point,96,1493,RUMAH SAKIT PONDOK INDAH,FASILITAS KESEHATAN,KEMBANGAN SELATAN,KEMBANGAN,JAKARTA BARAT
-6.159486802,106.7570102,Point,97,1500,KLINIK TAMAN KOTA,FASILITAS KESEHATAN,KEMBANGAN UTARA,KEMBANGAN,JAKARTA BARAT
-6.184749899,106.7522816,Point,98,1531,POSYANDU PLAMBOYAN,FASILITAS KESEHATAN,KEMBANGAN SELATAN,KEMBANGAN,JAKARTA BARAT
-6.162847799,106.7394712,Point,99,1591,PUSKESMAS RAWA BUAYA,FASILITAS KESEHATAN,RAWA BUAYA,CENGKARENG,JAKARTA BARAT
-6.15796175,106.742161,Point,100,1601,POSYANDU CEMPAKA RW 02,FASILITAS KESEHATAN,RAWA BUAYA,CENGKARENG,JAKARTA BARAT
-6.147709628,106.7364353,Point,101,1669,KLINIK PRATAMA ST. CAROLUS CENGKARENG,FASILITAS KESEHATAN,KAPUK,CENGKARENG,JAKARTA BARAT
-6.152363899,106.7602968,Point,102,1670,POSYANDU PUSPA INDAH II,FASILITAS KESEHATAN,KEDAUNG KALIANGKE,CENGKARENG,JAKARTA BARAT
-6.155367265,106.761807,Point,103,1673,PUSKESMAS KELURAHAN KEDAUNG KALI ANGKE,FASILITAS KESEHATAN,KEDAUNG KALIANGKE,CENGKARENG,JAKARTA BARAT
-6.157526699,106.7555867,Point,104,1682,POSYANDU TERATAI,FASILITAS KESEHATAN,KEDAUNG KALIANGKE,CENGKARENG,JAKARTA BARAT
-6.157312149,106.748363,Point,105,1683,POSYANDU TERATAI II,FASILITAS KESEHATAN,KEDAUNG KALIANGKE,CENGKARENG,JAKARTA BARAT
-6.1255216,106.7994878,Point,106,1764,RUMAH SAKIT PLUIT,FASILITAS KESEHATAN,PENJARINGAN,PENJARINGAN,JAKARTA UTARA
-6.1121401,106.7710803,Point,107,1765,PUSKESMAS KEL. PLUIT,FASILITAS KESEHATAN,PLUIT,PENJARINGAN,JAKARTA UTARA
-6.1090885,106.7707653,Point,108,1767,KLINIK PARU-PARU,FASILITAS KESEHATAN,PLUIT,PENJARINGAN,JAKARTA UTARA
-6.118786348,106.7964026,Point,109,1770,KLINIK HEMODIALISISLIONS,FASILITAS KESEHATAN,PLUIT,PENJARINGAN,JAKARTA UTARA
-6.1198611,106.7831089,Point,110,1773,ADVANCE MEDICAL CENTER (AMC),FASILITAS KESEHATAN,PLUIT,PENJARINGAN,JAKARTA UTARA
-6.125663087,106.8007314,Point,111,1793,PUSKESMAS KELURAHAN PENJARINGAN,FASILITAS KESEHATAN,PENJARINGAN,PENJARINGAN,JAKARTA UTARA
-6.126611156,106.7932264,Point,112,1798,RUMAH SAKIT ATMA JAYA,FASILITAS KESEHATAN,PENJARINGAN,PENJARINGAN,JAKARTA UTARA
-6.277157013,106.772499,Point,248,5046,PUSKESMAS PONDOK PINANG,FASILITAS KESEHATAN,PONDOK PINANG,KEBAYORAN LAMA,JAKARTA SELATAN
-6.286435174,106.7703403,Point,249,5070,RUMAH SAKIT BHAYANGKARA,FASILITAS KESEHATAN,PONDOK PINANG,KEBAYORAN LAMA,JAKARTA SELATAN
-6.283537808,106.7816588,Point,250,5088,RUMAH SAKIT PONDOK INDAH,FASILITAS KESEHATAN,PONDOK PINANG,KEBAYORAN LAMA,JAKARTA SELATAN
-6.290089858,106.7912266,Point,251,5094,KLINIK PRATAMA,FASILITAS KESEHATAN,CILANDAK BARAT,CILANDAK,JAKARTA SELATAN
-6.286779308,106.7932869,Point,252,5100,PUSKESMAS KECAMATAN CILANDAK DAN RUMAH BERSALIN,FASILITAS KESEHATAN,CILANDAK BARAT,CILANDAK,JAKARTA SELATAN
-6.28660212,106.7954224,Point,253,5104,RS FATMAWATI,FASILITAS KESEHATAN,CILANDAK BARAT,CILANDAK,JAKARTA SELATAN
-6.281245113,106.7959346,Point,254,5115,RS SETIA MITRA,FASILITAS KESEHATAN,CILANDAK BARAT,CILANDAK,JAKARTA SELATAN
-6.274026891,106.7932055,Point,255,5122,PUSKESMAS GANDARA SELATAN,FASILITAS KESEHATAN,GANDARIA SELATAN,CILANDAK,JAKARTA SELATAN
-6.2777061,106.8037929,Point,256,5142,KLINIK CIPETE,FASILITAS KESEHATAN,CIPETE SELATAN,CILANDAK,JAKARTA SELATAN
-6.278911783,106.8001928,Point,257,5144,AL IKLHAS MEDICAL CENTER,FASILITAS KESEHATAN,CIPETE SELATAN,CILANDAK,JAKARTA SELATAN
-6.253342597,106.8411924,Point,258,5178,RUMAH SAKIT IBU DAN ANAK DUREN TIGA,FASILITAS KESEHATAN,PANCORAN,PANCORAN,JAKARTA SELATAN
-6.250912918,106.8419682,Point,259,5182,RUMAH SAKIT TRIA DIPA,FASILITAS KESEHATAN,PANCORAN,PANCORAN,JAKARTA SELATAN
-6.252786825,106.842946,Point,260,5187,KLINIK DENTA MEDIKA,FASILITAS KESEHATAN,DURENTIGA,PANCORAN,JAKARTA SELATAN
-6.25255603,106.8467266,Point,261,5196,PUSKESMAS KELURAHAN DUREN TIGA,FASILITAS KESEHATAN,DURENTIGA,PANCORAN,JAKARTA SELATAN
-6.266793836,106.8440308,Point,262,5253,KLINIK PRATAMA NOUVELLE,FASILITAS KESEHATAN,PEJATEN BARAT,PASAR MINGGU,JAKARTA SELATAN
-6.320825838,106.8257141,Point,263,5316,PUSKESMAS KECAMATAN PASAR MINGGU,FASILITAS KESEHATAN,JAGAKARSA,JAGAKARSA,JAKARTA SELATAN
-6.277616589,106.8462543,Point,264,5375,POSYANDU KEMUNING III,FASILITAS KESEHATAN,PEJATEN TIMUR,PASAR MINGGU,JAKARTA SELATAN
-6.283525188,106.8515754,Point,265,5384,PUSKESMAS KELURAHAN BALEKAMBANG,FASILITAS KESEHATAN,BALEKAMBANG,KRAMAT JATI,JAKARTA TIMUR
-6.29331,106.8540385,Point,266,5385,POSYANDU PUTRA MAJU III,FASILITAS KESEHATAN,BALEKAMBANG,KRAMAT JATI,JAKARTA TIMUR
-6.329724814,106.8314988,Point,267,5397,POSYANDU PEPAYA III,FASILITAS KESEHATAN,LENTENG AGUNG,JAGAKARSA,JAKARTA SELATAN
-6.30894485,106.8540659,Point,268,5398,POSYANDU SALAK,FASILITAS KESEHATAN,TANJUNG BARAT,JAGAKARSA,JAKARTA SELATAN
-6.327878794,106.8273742,Point,269,5399,POSYANDU KENANGA IV,FASILITAS KESEHATAN,JAGAKARSA,JAGAKARSA,JAKARTA SELATAN
-6.327512218,106.8294677,Point,270,5407,POSYANDU PEPAYA II,FASILITAS KESEHATAN,JAGAKARSA,JAGAKARSA,JAKARTA SELATAN
-6.326821564,106.8215931,Point,271,5421,KLINIK 212,FASILITAS KESEHATAN,JAGAKARSA,JAGAKARSA,JAKARTA SELATAN
-6.32897582,106.8201869,Point,272,5422,PUSKESMAS JAGAKARSA I,FASILITAS KESEHATAN,JAGAKARSA,JAGAKARSA,JAKARTA SELATAN
-6.298189726,106.839074,Point,273,5425,PUSKESMAS PASAR MINGGU I,FASILITAS KESEHATAN,PASAR MINGGU,PASAR MINGGU,JAKARTA SELATAN
-6.333146542,106.804071,Point,274,5447,POSYANDU DURIAN,FASILITAS KESEHATAN,CIGANJUR,JAGAKARSA,JAKARTA SELATAN
-6.248120919,106.9097517,Point,330,6047,RUMAH SAKIT HARUM SISMA MEDIKA,FASILITAS KESEHATAN,CIPINANG MELAYU,MAKASAR,JAKARTA TIMUR
-6.249046248,106.9078976,Point,331,6048,SEKOLAH TINGGI ILMU EKONOMI SWADAYA,FASILITAS KESEHATAN,CIPINANG MELAYU,MAKASAR,JAKARTA TIMUR
-6.235033785,106.9298273,Point,332,6052,STIK CIPTA KARYA INFORMATIKA,FASILITAS KESEHATAN,PONDOK KELAPA,DUREN SAWIT,JAKARTA TIMUR
-6.241903922,106.9118652,Point,333,6057,SMA NEGERI 71 JAKARTA,FASILITAS KESEHATAN,DUREN SAWIT,DUREN SAWIT,JAKARTA TIMUR
-6.23322758,106.8972734,Point,334,6061,RSI BUNDA ALIYAH,FASILITAS KESEHATAN,PONDOK BAMBU,DUREN SAWIT,JAKARTA TIMUR
-6.231946875,106.9095765,Point,335,6063,RUMAH SAKIT DUREN SAWIT,FASILITAS KESEHATAN,PONDOK BAMBU,DUREN SAWIT,JAKARTA TIMUR
-6.231168132,106.9086091,Point,336,6064,RSUD DUREN SAWIT INSTALASI KEDARURATAN EMOSI,FASILITAS KESEHATAN,PONDOK BAMBU,DUREN SAWIT,JAKARTA TIMUR
-6.231385754,106.9096187,Point,337,6065,SMP NEGERI 195 JAKARTA,FASILITAS KESEHATAN,PONDOK BAMBU,DUREN SAWIT,JAKARTA TIMUR
-6.231244741,106.9092536,Point,338,6066,SDN DUREN SAWIT 06 PAGI,FASILITAS KESEHATAN,PONDOK BAMBU,DUREN SAWIT,JAKARTA TIMUR
-6.232788376,106.9080759,Point,339,6067,SMP NEGERI 202 JAKARTA TIMUR,FASILITAS KESEHATAN,PONDOK BAMBU,DUREN SAWIT,JAKARTA TIMUR
-6.223646349,106.9293095,Point,340,6077,SMPN 213 jakarta,FASILITAS KESEHATAN,MALAKA SARI,DUREN SAWIT,JAKARTA TIMUR
-6.221610094,106.9353946,Point,341,6079,SDN MALAKA JAYA 05 PAGI,FASILITAS KESEHATAN,MALAKA JAYA,DUREN SAWIT,JAKARTA TIMUR
-6.220693563,106.9363607,Point,342,6080,SMAN 103 JAKARTA,FASILITAS KESEHATAN,MALAKA JAYA,DUREN SAWIT,JAKARTA TIMUR
-6.222091907,106.9291977,Point,343,6089,SMAN 44 JAKARTA,FASILITAS KESEHATAN,MALAKA SARI,DUREN SAWIT,JAKARTA TIMUR
-6.238379178,106.9322841,Point,344,6095,SMAN 91 JAKARTA,FASILITAS KESEHATAN,PONDOK KELAPA,DUREN SAWIT,JAKARTA TIMUR
-6.239090963,106.9329034,Point,345,6096,SDN PONDOK KELAPA 01,FASILITAS KESEHATAN,PONDOK KELAPA,DUREN SAWIT,JAKARTA TIMUR
-6.238958388,106.9318738,Point,346,6097,"SD NEGERI PONDOK KELAPA 03, 04, 08 PAGI",FASILITAS KESEHATAN,PONDOK KELAPA,DUREN SAWIT,JAKARTA TIMUR
-6.243196049,106.9346189,Point,347,6099,APOTIK DAMAI,FASILITAS KESEHATAN,PONDOK KELAPA,DUREN SAWIT,JAKARTA TIMUR
-6.233658163,106.9357026,Point,348,6101,SDIT DARUL MAARIF,FASILITAS KESEHATAN,PONDOK KELAPA,DUREN SAWIT,JAKARTA TIMUR
-6.224231699,106.9293391,Point,349,6105,SDN MALAKA SARI 02 PAGI DAN 06 PETANG,FASILITAS KESEHATAN,MALAKA SARI,DUREN SAWIT,JAKARTA TIMUR
-6.222954658,106.9226795,Point,350,6106,SMPN 255 JAKARTA,FASILITAS KESEHATAN,DUREN SAWIT,DUREN SAWIT,JAKARTA TIMUR
-6.223509322,106.9201381,Point,351,6107,SDN DUREN SAWIT 10 PAGI,FASILITAS KESEHATAN,DUREN SAWIT,DUREN SAWIT,JAKARTA TIMUR
-6.324752873,106.8565078,Point,352,6145,PUSKESMAS KELURAHAN CIJANTUNG,FASILITAS KESEHATAN,CIJANTUNG,PASAR REBO,JAKARTA TIMUR
-6.333267796,106.8625906,Point,353,6156,PUSKESMAS KELURAHAN PEKAYON,FASILITAS KESEHATAN,PEKAYON,PASAR REBO,JAKARTA TIMUR
-6.324806958,106.8998449,Point,354,6251,PUSKESMAS KECAMATAN CIPAYUNG,FASILITAS KESEHATAN,CIPAYUNG,CIPAYUNG,JAKARTA TIMUR
-6.316813237,106.909773,Point,355,6262,PUSKESMAS KELURAHAN SETU,FASILITAS KESEHATAN,SETU,CIPAYUNG,JAKARTA TIMUR
-6.326675807,106.8757739,Point,356,6300,PUSKESMAS KELURAHAN CIRACAS,FASILITAS KESEHATAN,CIRACAS,CIRACAS,JAKARTA TIMUR
-6.300477993,106.8541158,Point,275,5449,POSYANDU DURIAN,FASILITAS KESEHATAN,TANJUNG BARAT,JAGAKARSA,JAKARTA SELATAN
-6.29814965,106.846591,Point,276,5464,POAYANDU DURIAN 2,FASILITAS KESEHATAN,TANJUNG BARAT,JAGAKARSA,JAKARTA SELATAN
-6.29994455,106.841081,Point,277,5468,KLINIK PERMATA MEDIKA,FASILITAS KESEHATAN,TANJUNG BARAT,JAGAKARSA,JAKARTA SELATAN
-6.30242625,106.8504318,Point,278,5476,PUSKESMAS TANJUNG BARAT,FASILITAS KESEHATAN,TANJUNG BARAT,JAGAKARSA,JAKARTA SELATAN
-6.319172308,106.8246973,Point,279,5498,PUSKESMAS JAGAKARSA II,FASILITAS KESEHATAN,JAGAKARSA,JAGAKARSA,JAKARTA SELATAN
-6.2739995,106.83413,Point,280,5512,KLINIK ILTIZAAM,FASILITAS KESEHATAN,PEJATEN BARAT,PASAR MINGGU,JAKARTA SELATAN
-6.27090265,106.836212,Point,281,5515,POSYANDU MANGGIS I,FASILITAS KESEHATAN,PEJATEN BARAT,PASAR MINGGU,JAKARTA SELATAN
-6.2710214,106.8445313,Point,282,5519,KLINIK BIMA SAKTI,FASILITAS KESEHATAN,PEJATEN BARAT,PASAR MINGGU,JAKARTA SELATAN
-6.2747743,106.842436,Point,283,5524,KLINIK PRATAMA SIAGA II,FASILITAS KESEHATAN,PEJATEN BARAT,PASAR MINGGU,JAKARTA SELATAN
-6.27433445,106.838993,Point,284,5529,PUSKESMAS PEJATEN BARAT,FASILITAS KESEHATAN,PEJATEN BARAT,PASAR MINGGU,JAKARTA SELATAN
-6.290471339,106.8458977,Point,285,5548,POSYANDU DUKUH 1,FASILITAS KESEHATAN,PEJATEN TIMUR,PASAR MINGGU,JAKARTA SELATAN
-6.294393436,106.8451302,Point,286,5558,PUSKESMAS PEJATEN TIMUR,FASILITAS KESEHATAN,PEJATEN TIMUR,PASAR MINGGU,JAKARTA SELATAN
-6.3181138,106.829058,Point,287,5568,POSYANDU KECAPI 3,FASILITAS KESEHATAN,KEBAGUSAN,PASAR MINGGU,JAKARTA SELATAN
-6.31778985,106.8159059,Point,288,5597,POSYANDU CEMPAKA III,FASILITAS KESEHATAN,JAGAKARSA,JAGAKARSA,JAKARTA SELATAN
-6.332578234,106.8163577,Point,289,5602,POSYANDU JAMBU V,FASILITAS KESEHATAN,JAGAKARSA,JAGAKARSA,JAKARTA SELATAN
-6.330906147,106.827736,Point,290,5603,KLINIK PRATAMA KEBAGUSAN,FASILITAS KESEHATAN,JAGAKARSA,JAGAKARSA,JAKARTA SELATAN
-6.322287368,106.8316348,Point,291,5623,POSYANDU PEPAYA I,FASILITAS KESEHATAN,JAGAKARSA,JAGAKARSA,JAKARTA SELATAN
-6.19609693,106.8363526,Point,292,5636,RSIA BUNDA JAKARTA,FASILITAS KESEHATAN,GONDANGDIA,MENTENG,JAKARTA PUSAT
-6.199269903,106.8375014,Point,293,5640,RUMAH SAKIT BEDAH BINA ESTETIKA,FASILITAS KESEHATAN,MENTENG,MENTENG,JAKARTA PUSAT
-6.198635783,106.8368586,Point,294,5642,RUMAH SAKIT MATA JEC,FASILITAS KESEHATAN,MENTENG,MENTENG,JAKARTA PUSAT
-6.199648218,106.841196,Point,295,5645,PUSKESMAS KECAMATAN MENTENG,FASILITAS KESEHATAN,MENTENG,MENTENG,JAKARTA PUSAT
-6.198499223,106.8444943,Point,296,5648,KLINIK GULARDI CENTRE,FASILITAS KESEHATAN,PEGANGSAAN,MENTENG,JAKARTA PUSAT
-6.198462595,106.8457384,Point,297,5649,RSCM KENCANA,FASILITAS KESEHATAN,KENARI,MENTENG,JAKARTA PUSAT
-6.191261797,106.842041,Point,298,5657,RUMAH SAKIT PGI CIKINI,FASILITAS KESEHATAN,CIKINI,MENTENG,JAKARTA PUSAT
-6.197032028,106.8447765,Point,299,5661,RSCM UNIT PELAYANAN MATA,FASILITAS KESEHATAN,PEGANGSAAN,MENTENG,JAKARTA PUSAT
-6.197297628,106.8468213,Point,300,5662,RUMAH SAKIT CIPTO MANGUN KUSUMO,FASILITAS KESEHATAN,KENARI,MENTENG,JAKARTA PUSAT
-6.201934111,106.8448189,Point,301,5663,KLINIK DR MURNI,FASILITAS KESEHATAN,PEGANGSAAN,MENTENG,JAKARTA PUSAT
-6.297908499,106.8270981,Point,302,5667,PUSKESMAS KEBAGUSAN,FASILITAS KESEHATAN,KEBAGUSAN,PASAR MINGGU,JAKARTA SELATAN
-6.299203179,106.8196388,Point,303,5668,RUMAH SAKIT HEWAN JAKARTA,FASILITAS KESEHATAN,RAGUNAN,PASAR MINGGU,JAKARTA SELATAN
-6.294104042,106.8200632,Point,304,5675,RSUD PASAR MINGGU JAKARTA,FASILITAS KESEHATAN,RAGUNAN,PASAR MINGGU,JAKARTA SELATAN
-6.34003155,106.8071119,Point,305,5696,PUSKESMAS CIGANJUR,FASILITAS KESEHATAN,CIGANJUR,JAGAKARSA,JAKARTA SELATAN
-6.353688243,106.8074229,Point,306,5717,POSYANDU ALKESA,FASILITAS KESEHATAN,CIPEDAK,JAGAKARSA,JAKARTA SELATAN
-6.246270485,106.8704096,Point,307,5742,RUMAH SAKIT PUSAT OTAK NASIONAL,FASILITAS KESEHATAN,CAWANG,KRAMAT JATI,JAKARTA TIMUR
-6.250775204,106.8720501,Point,308,5743,RUMAH SAKIT UMUM UNIVERSITAS KRISTEN INDONESIA,FASILITAS KESEHATAN,CAWANG,KRAMAT JATI,JAKARTA TIMUR
-6.257662043,106.85838,Point,309,5785,PUSKESMAS KELURAHAN RAJAWATI II,FASILITAS KESEHATAN,RAWAJATI,PANCORAN,JAKARTA SELATAN
-6.261060019,106.8572579,Point,310,5788,PUSKESMAS KELURAHAN RAJAWATI I,FASILITAS KESEHATAN,RAWAJATI,PANCORAN,JAKARTA SELATAN
-6.266383016,106.8576975,Point,311,5791,PUSKESMAS KELURAHAN CILILITAN,FASILITAS KESEHATAN,CILILITAN,KRAMAT JATI,JAKARTA TIMUR
-6.267221836,106.8604367,Point,312,5795,BAKTHIR MEDICAL CENTER,FASILITAS KESEHATAN,CILILITAN,KRAMAT JATI,JAKARTA TIMUR
-6.269498681,106.8683488,Point,313,5805,PUSKESMAS KELURAHAN KRAMAT JATI,FASILITAS KESEHATAN,KRAMAT JATI,KRAMAT JATI,JAKARTA TIMUR
-6.270042374,106.8708195,Point,314,5808,RUMAH SAKIT BHAYANGKARA,FASILITAS KESEHATAN,KRAMAT JATI,KRAMAT JATI,JAKARTA TIMUR
-6.25605259,106.8630106,Point,315,5819,IGD RSU DAERAH BUDHI ASIH,FASILITAS KESEHATAN,CAWANG,KRAMAT JATI,JAKARTA TIMUR
-6.235832119,106.88172,Point,316,5832,PUSKESMAS CIPINANG BESAR SELATAN II,FASILITAS KESEHATAN,CIPINANG BESAR SELATAN,JATINEGARA,JAKARTA TIMUR
-6.235383292,106.8567202,Point,317,5841,PUSKESMAS KECAMATAN TEBET,FASILITAS KESEHATAN,TEBET TIMUR,TEBET,JAKARTA SELATAN
-6.240399654,106.8605414,Point,318,5845,AL HIKMAH MEDICAL CENTER,FASILITAS KESEHATAN,KEBON BARU,TEBET,JAKARTA SELATAN
-6.241447062,106.8655265,Point,319,5847,PUSKESMAS KELURAHAN BIDARA CINA 2,FASILITAS KESEHATAN,BIDARA CINA,JATINEGARA,JAKARTA TIMUR
-6.238685122,106.8680845,Point,320,5852,PUSKESMAS KELURAHAN BIDARA CINA 1,FASILITAS KESEHATAN,BIDARA CINA,JATINEGARA,JAKARTA TIMUR
-6.234496987,106.8667124,Point,321,5855,BRI MEDIKA,FASILITAS KESEHATAN,BIDARA CINA,JATINEGARA,JAKARTA TIMUR
-6.220909838,106.9226717,Point,322,6016,SD SMP SMA BUDHAYA SANTO AGUSTINUS,FASILITAS KESEHATAN,DUREN SAWIT,DUREN SAWIT,JAKARTA TIMUR
-6.239592975,106.9353098,Point,323,6028,PUSKESMAS PONDOK KELAPA,FASILITAS KESEHATAN,PONDOK KELAPA,DUREN SAWIT,JAKARTA TIMUR
-6.232657071,106.9331563,Point,324,6029,KLINIK MEDIKASIH,FASILITAS KESEHATAN,PONDOK KELAPA,DUREN SAWIT,JAKARTA TIMUR
-6.230284906,106.9253496,Point,325,6031,RSIA SAYYIDAH,FASILITAS KESEHATAN,PONDOK KELAPA,DUREN SAWIT,JAKARTA TIMUR
-6.22176843,106.9336372,Point,326,6038,SMP NEGERI 139 JAKARTA,FASILITAS KESEHATAN,MALAKA JAYA,DUREN SAWIT,JAKARTA TIMUR
-6.218949781,106.9226848,Point,327,6039,PUSKESMAS KLENDER,FASILITAS KESEHATAN,KLENDER,DUREN SAWIT,JAKARTA TIMUR
-6.230916556,106.9149699,Point,328,6041,PUSKESMAS DUREN SAWIT,FASILITAS KESEHATAN,DUREN SAWIT,DUREN SAWIT,JAKARTA TIMUR
-6.24207809,106.9111187,Point,329,6043,PUSKESMAS DUREN SAWIT,FASILITAS KESEHATAN,DUREN SAWIT,DUREN SAWIT,JAKARTA TIMUR
-6.152013999,106.8584801,Point,140,2253,RS MITRA KEMAYORAN,FASILITAS KESEHATAN,SUNTER JAYA,TANJUNG PRIOK,JAKARTA UTARA
-6.155884625,106.8665445,Point,141,2256,PUSKESMAS KELURAHAN SUNTER JAYA 1,FASILITAS KESEHATAN,SUNTER JAYA,TANJUNG PRIOK,JAKARTA UTARA
-6.156694132,106.86377,Point,142,2260,RSUD KECAMATAN KEMAYORAN,FASILITAS KESEHATAN,SERDANG,KEMAYORAN,JAKARTA PUSAT
-6.161404169,106.8724023,Point,143,2287,KLINIK PRATAMA PASKALIS,FASILITAS KESEHATAN,SUMUR BATU,KEMAYORAN,JAKARTA PUSAT
-6.154725898,106.8713934,Point,144,2292,PUSKESMAS KELURAHAN SUNTER JAYA II,FASILITAS KESEHATAN,SUNTER JAYA,TANJUNG PRIOK,JAKARTA UTARA
-6.15192131,106.8971086,Point,145,2466,RUMAH SAKIT MITRA KELUARGA,FASILITAS KESEHATAN,KELAPA GADING BARAT,KELAPA GADING,KELAPA GADING
-6.179843874,106.9037883,Point,146,2473,RUMAH SAKIT MEDIROS,FASILITAS KESEHATAN,PULO GADUNG,PULO GADUNG,PULO GADUNG
-6.1489007,106.829821,Point,147,2649,RUMAH SAKIT UMUM KECAMATAN SAWAH BESAR,FASILITAS KESEHATAN,KARANG ANYAR,SAWAH BESAR, 
-6.14805368,106.8273108,Point,148,2676,RUMAH BERSALIN LINA YANTI,FASILITAS KESEHATAN,MANGGA DUA SELATAN,SAWAH BESAR, 
-6.1473565,106.9276792,Point,149,2681,POSYANDU PKK,FASILITAS KESEHATAN,SUKAPURA,CILINCING, 
-6.147238606,106.9237575,Point,150,2685,PUSKESMAS KELURAHAN SUKAPURA,FASILITAS KESEHATAN,SUKAPURA,CILINCING, 
-6.14745889,106.8294764,Point,151,2686, ,FASILITAS KESEHATAN,MANGGA DUA SELATAN,SAWAH BESAR, 
-6.146403219,106.829063,Point,152,2711, ,FASILITAS KESEHATAN,MANGGA DUA SELATAN,SAWAH BESAR, 
-6.145540352,106.9239392,Point,153,2729,RUMAH SAKIT PEKERJA,FASILITAS KESEHATAN,SUKAPURA,CILINCING, 
-6.14505755,106.8174475,Point,154,2746,PUSKESMAS KECAMATAN TAMANSARI,FASILITAS KESEHATAN,MANGGA BESAR,TAMAN SARI, 
-6.143741513,106.8192248,Point,155,2763,RUMAH SAKIT UMUM TAMAN SARI,FASILITAS KESEHATAN,MANGGA BESAR,TAMAN SARI, 
-6.14267835,106.8376528,Point,156,2783,RUMAH BERSALIN DR SYAMSIDAR,FASILITAS KESEHATAN,PADEMANGAN BARAT,PADEMANGAN, 
-6.142463072,106.8208843,Point,157,2790,POSYANDU KENCANA,FASILITAS KESEHATAN,PINANGSIA,TAMAN SARI, 
-6.142019098,106.8189145,Point,158,2805,PUSKESMAS KECAMATAN TAMANSARI,FASILITAS KESEHATAN,MANGGA BESAR,TAMAN SARI, 
-6.141114759,106.8429944,Point,159,2821,PUSKESMAS MELANIA,FASILITAS KESEHATAN,PADEMANGAN TIMUR,PADEMANGAN, 
-6.13983332,106.8655402,Point,160,2849,RUMAH SAKIT MEDIKA GRIYA,FASILITAS KESEHATAN,SUNTER AGUNG,TANJUNG PRIOK, 
-6.13962193,106.9208186,Point,161,2853,RUMAH SAKIT ISLAM SUKAPURA,FASILITAS KESEHATAN,SUKAPURA,CILINCING, 
-6.137785742,106.827136,Point,162,2919,PUSKESMAS KECAMATAN SAWAH BESAR,FASILITAS KESEHATAN,MANGGA DUA SELATAN,SAWAH BESAR, 
-6.129237013,106.8524264,Point,163,3034,RS PARU ANCOL,FASILITAS KESEHATAN,SUNTER AGUNG,TANJUNG PRIOK,KOTA JAKARTA UTARA
-6.136716592,106.8436739,Point,164,3041,PUSKESMAS PADEMANGAN TIMUR,FASILITAS KESEHATAN,PADEMANGAN TIMUR,PADEMANGAN,KOTA JAKARTA UTARA
-6.129961026,106.8722182,Point,165,3067,PUSKESMAS KELURAHAN PAPANGGO,FASILITAS KESEHATAN,PAPANGGO,TANJUNG PRIOK,KOTA JAKARTA UTARA
-6.130420216,106.8620549,Point,166,3071,RSPI PROF DR SULIANTI SAROSO,FASILITAS KESEHATAN,PAPANGGO,TANJUNG PRIOK,KOTA JAKARTA UTARA
-6.136450259,106.8699802,Point,167,3076,PUSKESMAS SUNTER AGUNG,FASILITAS KESEHATAN,SUNTER AGUNG,TANJUNG PRIOK,KOTA JAKARTA UTARA
-6.128388484,106.8860509,Point,168,3090,PUSKESMAS KELURAHAN SUNGAI BAMBU,FASILITAS KESEHATAN,SUNGAI BAMBU,TANJUNG PRIOK,KOTA JAKARTA UTARA
-6.129078602,106.8902522,Point,169,3095,RS PURI MEDIKA,FASILITAS KESEHATAN,KEBON BAWANG,TANJUNG PRIOK,KOTA JAKARTA UTARA
-6.129095801,106.9065057,Point,170,3131,RS MULYASARI,FASILITAS KESEHATAN,TUGU UTARA,KOJA,KOTA JAKARTA UTARA
-6.127437404,106.9071604,Point,171,3134,RSUD TUGU KOJA,FASILITAS KESEHATAN,TUGU UTARA,KOJA,KOTA JAKARTA UTARA
-6.12680466,106.8993615,Point,172,3142,RSB KARTIKA SALIN,FASILITAS KESEHATAN,RAWABADAK SELATAN,KOJA,KOTA JAKARTA UTARA
-6.132021797,106.9403148,Point,173,3164,KLINIK YABI,FASILITAS KESEHATAN,SEMPER TIMUR,CILINCING,KOTA JAKARTA UTARA
-6.135444296,106.9394751,Point,174,3174,KLINIK BEKER,FASILITAS KESEHATAN,SEMPER TIMUR,CILINCING,KOTA JAKARTA UTARA
-6.127302948,106.9568627,Point,175,3182,KLINIK SARANG BANGO DR. SITI MAIMUNAH,FASILITAS KESEHATAN,MARUNDA,CILINCING,KOTA JAKARTA UTARA
-6.124937417,106.8898669,Point,176,3843,PUSKESMAS KEBON BAWANG 2,FASILITAS KESEHATAN,KEBON BANWANG,TANJUNG PRIOK,JAKARTA UTARA
-6.124450019,106.8873097,Point,177,3854,PUSKESMAS KEBON BAWANG 1,FASILITAS KESEHATAN,KEBON BANWANG,TANJUNG PRIOK,JAKARTA UTARA
-6.12407406,106.8176523,Point,178,3865,PUSKESMAS KELURAHAN ANCOL,FASILITAS KESEHATAN,ANCOL,PADEMANGAN,JAKARTA UTARA
-6.12215605,106.8781208,Point,179,3889,KLINIK INSOSEHAT 2003,FASILITAS KESEHATAN,WARAKAS,TANJUNG PRIOK,JAKARTA UTARA
-6.12072368,106.8755117,Point,180,3911,PUSKESMAS KELURAHAN WARAKAS,FASILITAS KESEHATAN,WARAKAS,TANJUNG PRIOK,JAKARTA UTARA
-6.119363087,106.9010133,Point,181,3942,PUSKESMAS RAWA BADAK UTARA,FASILITAS KESEHATAN,RAWA BADAK UTARA,KOJA,JAKARTA UTARA
-6.119294539,106.874521,Point,182,3946,KLINIK VELDA,FASILITAS KESEHATAN,WARAKAS,TANJUNG PRIOK,JAKARTA UTARA
-6.117501563,106.8978996,Point,183,3988,PUSKESMAS RAWABINANGUN,FASILITAS KESEHATAN,RAWA BADAK UTARA,KOJA,JAKARTA UTARA
-6.11712565,106.8820288,Point,184,3993,KLINIK PRATAMA SANTO YOSEF,FASILITAS KESEHATAN,SUNGAI BAMBU,TANJUNG PRIOK,JAKARTA UTARA
-6.116466019,106.9191236,Point,185,4012,PUSKESMAS SEMPER BARAT II,FASILITAS KESEHATAN,SEMPER BARAT,CILINCING,JAKARTA UTARA
-6.116070735,106.9222476,Point,186,4026,KLINIK YAKRI,FASILITAS KESEHATAN,SEMPER BARAT,CILINCING,JAKARTA UTARA
-6.116124918,106.8889119,Point,187,4027,PUSKESMAS KECAMATAN TANJUNG PRIUK,FASILITAS KESEHATAN,KEBON BANWANG,TANJUNG PRIOK,JAKARTA UTARA
-6.115768943,106.8769658,Point,188,4039,PUSKESMAS KELURAHAN TANJUNG PRIOK,FASILITAS KESEHATAN,TANJUNG PRIOK,TANJUNG PRIOK,JAKARTA UTARA
-6.113903919,106.9065627,Point,189,4078,KLINIK UMUM YAKRI,FASILITAS KESEHATAN,LAGOA,KOJA,JAKARTA UTARA
-6.11303205,106.9263566,Point,190,4091,PUSKESMAS CILINCING,FASILITAS KESEHATAN,SEMPER TIMUR,CILINCING,JAKARTA UTARA
-6.1130572,106.9112441,Point,191,4093,PUSKESMAS KELURAHAN LAGOA,FASILITAS KESEHATAN,LAGOA,KOJA,JAKARTA UTARA
-6.112977815,106.9175871,Point,192,4095,KLINIK SEMPER,FASILITAS KESEHATAN,SEMPER BARAT,CILINCING,JAKARTA UTARA
-6.325269949,106.837692,Point,193,4191,PUSKESMAS LENTENG AGUNG,FASILITAS KESEHATAN,LENTENG AGUNG,JAGAKARSA,JAKARTA SELATAN
-6.331463817,106.8413722,Point,194,4220,POSYANDU BELIMBING II,FASILITAS KESEHATAN,LENTENG AGUNG,JAGAKARSA,JAKARTA SELATAN
-6.316233652,106.8113938,Point,195,4228,RUMAH SAKIT UMUM KECAMATAN JAGAKARSA,FASILITAS KESEHATAN,JAGAKARSA,JAGAKARSA,JAKARTA SELATAN
-6.314583485,106.7941203,Point,196,4244,RUMAH SAKIT PRIKASIH,FASILITAS KESEHATAN,PONDOK LABU,CILANDAK,JAKARTA SELATAN
-6.254452532,106.8323591,Point,197,4266,RUMAH SAKIT SILOAM,FASILITAS KESEHATAN,DURENTIGA,PANCORAN,JAKARTA SELATAN
-6.258652122,106.8286591,Point,198,4271, ,FASILITAS KESEHATAN,DURENTIGA,PANCORAN,JAKARTA SELATAN
-6.264770971,106.8328668,Point,199,4281,RUMAH SEHAT KITA,FASILITAS KESEHATAN,KALIBATA,PANCORAN,JAKARTA SELATAN
-6.265788735,106.8321116,Point,200,4282,PUSKESMAS KELURAHAN KALIBATA 2,FASILITAS KESEHATAN,KALIBATA,PANCORAN,JAKARTA SELATAN
-6.271329952,106.8302449,Point,201,4290,RUMAH SAKIT JAKARTA MEDICAL CENTER,FASILITAS KESEHATAN,KALIBATA,PANCORAN,JAKARTA SELATAN
-6.254570684,106.822155,Point,202,4322,KLINIK PRATAMA SITI CHODIDJAH,FASILITAS KESEHATAN,PELAMAMPANG,MAMPANG PRAPATAN,JAKARTA SELATAN
-6.256328575,106.8224851,Point,203,4324,POSYANDU CEMPAKA 1,FASILITAS KESEHATAN,BANGKA,MAMPANG PRAPATAN,JAKARTA SELATAN
-6.271159383,106.8200014,Point,204,4336,PUSKESMAS KECAMATAN MAMPANG,FASILITAS KESEHATAN,BANGKA,MAMPANG PRAPATAN,JAKARTA SELATAN
-6.257270704,106.8152354,Point,205,4354,WELLNESS CLINIC,FASILITAS KESEHATAN,BANGKA,MAMPANG PRAPATAN,JAKARTA SELATAN
-6.277846764,106.8310301,Point,206,4365,PMI JAKSEL,FASILITAS KESEHATAN,PEJATEN BARAT,PASAR MINGGU,JAKARTA SELATAN
-6.278873651,106.8305173,Point,207,4368,PUSKESMAS PEJATEN BARAT,FASILITAS KESEHATAN,PEJATEN BARAT,PASAR MINGGU,JAKARTA SELATAN
-6.281932878,106.8299781,Point,208,4374,POSYANDU PISANG,FASILITAS KESEHATAN,JATIPADANG,PASAR MINGGU,JAKARTA SELATAN
-6.286512139,106.826516,Point,209,4380,PUSKESMAS JATI GADANG,FASILITAS KESEHATAN,JATIPADANG,PASAR MINGGU,JAKARTA SELATAN
-6.284842231,106.8260278,Point,210,4382,JAKARTA KIDNEY CENTER,FASILITAS KESEHATAN,RAGUNAN,PASAR MINGGU,JAKARTA SELATAN
-6.286078221,106.8193147,Point,211,4398,RSIA KEMANG,FASILITAS KESEHATAN,RAGUNAN,PASAR MINGGU,JAKARTA SELATAN
-6.28386298,106.8207959,Point,212,4401,POSYANDU KENANGA,FASILITAS KESEHATAN,RAGUNAN,PASAR MINGGU,JAKARTA SELATAN
-6.2836495,106.8201678,Point,213,4403,KLINIK RAGUNAN,FASILITAS KESEHATAN,RAGUNAN,PASAR MINGGU,JAKARTA SELATAN
-6.275959924,106.8204337,Point,214,4417,KLINIK KEMANG MEDIKA,FASILITAS KESEHATAN,CILANDAK TIMUR,PASAR MINGGU,JAKARTA SELATAN
-6.286145318,106.819362,Point,215,4425,RSIA KEMANG,FASILITAS KESEHATAN,RAGUNAN,PASAR MINGGU,JAKARTA SELATAN
-6.279294662,106.8151054,Point,216,4439,PUSKESMAS CILANDAK TIMUR,FASILITAS KESEHATAN,CILANDAK TIMUR,PASAR MINGGU,JAKARTA SELATAN
-6.278230227,106.8154669,Point,217,4441,POSYANDU PISANG,FASILITAS KESEHATAN,CILANDAK TIMUR,PASAR MINGGU,JAKARTA SELATAN
-6.340226793,106.8276415,Point,218,4480,KLINIK PRATAMA DESA PUTRA,FASILITAS KESEHATAN,SRENGSENG SAWAH,JAGAKARSA,JAKARTA SELATAN
-6.334446496,106.827115,Point,219,4483,RUMAH SAKIT AULIA,FASILITAS KESEHATAN,JAGAKARSA,JAGAKARSA,JAKARTA SELATAN
-6.334558459,106.8278611,Point,220,4484,POSYANDU ANGGUR,FASILITAS KESEHATAN,JAGAKARSA,JAGAKARSA,JAKARTA SELATAN
-6.335778301,106.8236192,Point,221,4487,RS ZAHIRAH,FASILITAS KESEHATAN,JAGAKARSA,JAGAKARSA,JAKARTA SELATAN
-6.355560039,106.819972,Point,222,4506,RUMAH SAKIT SOFA MARWA,FASILITAS KESEHATAN,SRENGSENG SAWAH,JAGAKARSA,JAKARTA SELATAN
-6.351954057,106.8141811,Point,223,4509,PUSKESMAS KECAMATAN JAGAKARSA,FASILITAS KESEHATAN,SRENGSENG SAWAH,JAGAKARSA,JAKARTA SELATAN
-6.344709863,106.8139043,Point,224,4515,RS ALI SIBROH MALISI,FASILITAS KESEHATAN,CPEDAK,JAGAKARSA,JAKARTA SELATAN
-6.344249106,106.814314,Point,225,4516, ,FASILITAS KESEHATAN,CIGANJUR,JAGAKARSA,JAKARTA SELATAN
-6.342549106,106.8154158,Point,226,4520,POSYANDU BINDU,FASILITAS KESEHATAN,CIGANJUR,JAGAKARSA,JAKARTA SELATAN
-6.209141427,106.8464219,Point,227,4544,RUMAH SAKIT  AGUNG,FASILITAS KESEHATAN,KELURAHAN PASAR MANGGIS,KECAMATAN SETIABUDI,JAKARTA SELATAN
-6.220211397,106.8444468,Point,228,4557,PUSKESMAS KELURAHAN MENTENG ATAS,FASILITAS KESEHATAN,KELURAHAN MENTENG ATAS,KECAMATAN SETIABUDI,JAKARTA SELATAN
-6.218881834,106.844977,Point,229,4559,RUMAH SAKIT IBU DAN ANAK BUDHI JAYA,FASILITAS KESEHATAN,KELURAHAN MENTENG ATAS,KECAMATAN SETIABUDI,JAKARTA SELATAN
-6.217905339,106.8468519,Point,230,4562,PUSKESMAS KELURAHAN MANGGARAI SELATAN,FASILITAS KESEHATAN,KELURAHAN MANGGARAI SELATAN,KECAMATAN TEBET,JAKARTA SELATAN
-6.210378304,106.8351875,Point,231,4573,RUMAH SAKIT BERSALIN BUDI KEMULIAAN,FASILITAS KESEHATAN,KELURAHAN PASAR GUNTUR,KECAMATAN SETIABUDI,JAKARTA SELATAN
-6.210639355,106.8373363,Point,232,4574,TK AS SYAHDU,FASILITAS KESEHATAN,KELURAHAN PASAR MANGGIS,KECAMATAN SETIABUDI,JAKARTA SELATAN
-6.294786077,106.795572,Point,233,4621,RUMAH SAKIT UMUM PUSAT FATMAWATI,FASILITAS KESEHATAN,KELURAHAN CILANDAK BARAT,KECAMATAN CILANDAK,JAKARTA SELATAN
-6.304776158,106.8105736,Point,234,4671,RUMAH SAKIT MARINIR CILANDAK,FASILITAS KESEHATAN,KELURAHAN CILANDAK TIMUR,KECAMATAN PASAR MINGGU,JAKARTA SELATAN
-6.298477001,106.7860526,Point,235,4713,RUMAH SAKIT MAYAPADA,FASILITAS KESEHATAN,KELURAHAN CILANDAK BARAT,KECAMATAN CILANDAK,JAKARTA SELATAN
-6.292457236,106.7844884,Point,236,4717,SILOAM HOSPITAL,FASILITAS KESEHATAN,KELURAHAN CILANDAK BARAT,KECAMATAN CILANDAK,JAKARTA SELATAN
-6.209141427,106.8464219,Point,237,4740,RUMAH SAKIT  AGUNG,FASILITAS KESEHATAN,KELURAHAN PASAR MANGGIS,KECAMATAN SETIABUDI,JAKARTA SELATAN
-6.220211397,106.8444468,Point,238,4753,PUSKESMAS KELURAHAN MENTENG ATAS,FASILITAS KESEHATAN,KELURAHAN MENTENG ATAS,KECAMATAN SETIABUDI,JAKARTA SELATAN
-6.218881834,106.844977,Point,239,4755,RUMAH SAKIT IBU DAN ANAK BUDHI JAYA,FASILITAS KESEHATAN,KELURAHAN MENTENG ATAS,KECAMATAN SETIABUDI,JAKARTA SELATAN
-6.217905339,106.8468519,Point,240,4758,PUSKESMAS KELURAHAN MANGGARAI SELATAN,FASILITAS KESEHATAN,KELURAHAN MANGGARAI SELATAN,KECAMATAN TEBET,JAKARTA SELATAN
-6.210378304,106.8351875,Point,241,4769,RUMAH SAKIT BERSALIN BUDI KEMULIAAN,FASILITAS KESEHATAN,KELURAHAN PASAR GUNTUR,KECAMATAN SETIABUDI,JAKARTA SELATAN
-6.210639355,106.8373363,Point,242,4770,TK AS SYAHDU,FASILITAS KESEHATAN,KELURAHAN PASAR MANGGIS,KECAMATAN SETIABUDI,JAKARTA SELATAN
-6.294786077,106.795572,Point,243,4817,RUMAH SAKIT UMUM PUSAT FATMAWATI,FASILITAS KESEHATAN,KELURAHAN CILANDAK BARAT,KECAMATAN CILANDAK,JAKARTA SELATAN
-6.304776158,106.8105736,Point,244,4867,RUMAH SAKIT MARINIR CILANDAK,FASILITAS KESEHATAN,KELURAHAN CILANDAK TIMUR,KECAMATAN PASAR MINGGU,JAKARTA SELATAN
-6.298477001,106.7860526,Point,245,4909,RUMAH SAKIT MAYAPADA,FASILITAS KESEHATAN,KELURAHAN CILANDAK BARAT,KECAMATAN CILANDAK,JAKARTA SELATAN
-6.292457236,106.7844884,Point,246,4913,SILOAM HOSPITAL,FASILITAS KESEHATAN,KELURAHAN CILANDAK BARAT,KECAMATAN CILANDAK,JAKARTA SELATAN
-6.277527456,106.7619948,Point,247,5037,KLINIK BINTARO ASRI,FASILITAS KESEHATAN,BINTARO,PESANGGRAHAN,JAKARTA SELATAN
-6.177605978,106.7987695,Point,539,8981,APOTEK TOMANG RAYA,FASILITAS KESEHATAN, , , 
-6.255145846,106.7776739,Point,540,9036,RUMAH SAKIT YADIKA KEBAYORAN LAMA,FASILITAS KESEHATAN,KEBAYORAN LAMA SELATAN,KEBAYORAN LAMA,JAKARTA SELATAN
-6.2550032,106.809702,Point,541,9049,APOTIK,FASILITAS KESEHATAN,PELAMAMPANG,MAMPANG PRAPATAN,JAKARTA SELATAN
-6.267434973,106.79706,Point,542,9059,KLINIK GRAHA MEDIKA,FASILITAS KESEHATAN,GANDARIA SELATAN,CILANDAK,JAKARTA SELATAN
-6.263714857,106.8069334,Point,543,9068,PUSKESMAS CIPETE UTARA,FASILITAS KESEHATAN,CIPETE UTARA,KEBAYORAN BARU,JAKARTA SELATAN
-6.236507549,106.8158516,Point,544,9112,RUMAH SAKIT IBU DAN ANAK PANTI NUGRAHA,FASILITAS KESEHATAN,RAWA BARAT,KEBAYORAN BARU,JAKARTA SELATAN
-6.247364333,106.8055954,Point,545,9151,PUSKESMAS KECAMATAN KEBAYORAN BARU,FASILITAS KESEHATAN,MELAWAI,KEBAYORAN BARU,JAKARTA SELATAN
-6.236763753,106.811266,Point,546,9169,RS KHUSUS THT - BEDAH CIRANJANG,FASILITAS KESEHATAN,RAWA BARAT,KEBAYORAN BARU,JAKARTA SELATAN
-6.24229483,106.8102513,Point,547,9181,KLINIK,FASILITAS KESEHATAN,PETOGOGAN,KEBAYORAN BARU,JAKARTA SELATAN
-6.231587432,106.7917724,Point,548,9199,KLINIK PERTAMEDIKA,FASILITAS KESEHATAN,GUNUNG,KEBAYORAN BARU,JAKARTA SELATAN
-6.243924746,106.7907769,Point,549,9204,RUMAH SAKIT GANDARIA,FASILITAS KESEHATAN,KRAMAT PELA,KEBAYORAN BARU,JAKARTA SELATAN
-6.236609586,106.7796248,Point,550,9237,PUSKESMAS CIPULIR,FASILITAS KESEHATAN,CIPULIR,KEBAYORAN LAMA,JAKARTA SELATAN
-6.254830341,106.7612791,Point,551,9259,POSYANDU MAWAR 1,FASILITAS KESEHATAN,PASANGGRAHAN,PASANGGRAHAN,JAKARTA SELATAN
-6.252178828,106.7560944,Point,552,9260,PUSKESMAS KECAMATAN PASANGGRAHAN,FASILITAS KESEHATAN,PASANGGRAHAN,PASANGGRAHAN,JAKARTA SELATAN
-6.268043426,106.7613989,Point,553,9280,POSYANDU KETUK,FASILITAS KESEHATAN,BINTARO,PASANGGRAHAN,JAKARTA SELATAN
-6.258397676,106.7560549,Point,554,9291,KLINIK PRATAMA,FASILITAS KESEHATAN,PASANGGRAHAN,PASANGGRAHAN,JAKARTA SELATAN
-6.258175353,106.7567558,Point,555,9292,RSU KECAMATAN PASANGGRAHAN,FASILITAS KESEHATAN,PASANGGRAHAN,PASANGGRAHAN,JAKARTA SELATAN
-6.253855555,106.7604437,Point,556,9307,POSYANDU,FASILITAS KESEHATAN,PASANGGRAHAN,PASANGGRAHAN,JAKARTA SELATAN
-6.246370538,106.7724979,Point,557,9312,PUSKESMAS KELURAHAN KEBAYORAN LAMA UTARA,FASILITAS KESEHATAN,KEBAYORAN LAMA UTARA,KEBAYORAN LAMA,JAKARTA SELATAN
-6.248730884,106.7856029,Point,558,9326,PUSKESMAS KELURAHAN KEBAYORAN LAMA SELATAN,FASILITAS KESEHATAN,KEBAYORAN LAMA SELATAN,KEBAYORAN LAMA,JAKARTA SELATAN
-6.243233997,106.7871519,Point,559,9332,POSYANDU MANGGIS,FASILITAS KESEHATAN,KRAMAT PELA,KEBAYORAN BARU,JAKARTA SELATAN
-6.241626142,106.787211,Point,560,9333,RS MUHAMMADIYAH TAMAN PURING,FASILITAS KESEHATAN,KRAMAT PELA,KEBAYORAN BARU,JAKARTA SELATAN
-6.240320913,106.7838409,Point,561,9348,KLINIK UTAMA JRC PPTI,FASILITAS KESEHATAN,KEBAYORAN  LAMA UTARA,KEBAYORAN LAMA,JAKARTA SELATAN
-6.240001209,106.7903835,Point,562,9354,PUSKESMAS KELURAHAN GUNUNG,FASILITAS KESEHATAN,GUNUNG,KEBAYORAN BARU,JAKARTA SELATAN
-6.237851133,106.7902872,Point,563,9357,KLINIK PRATAMA SARANA SEHAT SEJAHTERA,FASILITAS KESEHATAN,GUNUNG,KEBAYORAN BARU,JAKARTA SELATAN
-6.235719062,106.7756225,Point,564,9366,PUSKESMAS CIPULIR 1,FASILITAS KESEHATAN,CIPULIR,KEBAYORAN LAMA,JAKARTA SELATAN
-6.231262512,106.780938,Point,565,9375,PUSKESMAS GROGOL SELATAN,FASILITAS KESEHATAN,GROGOL SELATAN,KEBAYORAN LAMA,JAKARTA SELATAN
-6.3033035,106.8619509,Point,357,6426,R.S.U.D Pasar Rebo,FASILITAS KESEHATAN,GEDONG,PASAR REBO,JAKARTA TIMUR
-6.303711567,106.8670733,Point,358,6428,R.S Harapan Bunda,FASILITAS KESEHATAN,SUSUKAN,CIRACAS,JAKARTA TIMUR
-6.294123953,106.8822036,Point,359,6429,R.S TK. II Moh.Ridwan Meuraksa,FASILITAS KESEHATAN,PINANG RANTI,MAKASAR,JAKARTA TIMUR
-6.307856287,106.8927373,Point,360,6444,R.S Umum Adyaksa,FASILITAS KESEHATAN,CEGER,CIPAYUNG,JAKARTA TIMUR
-6.308024171,106.870873,Point,361,6446,R.S Jantung Binawaluya,FASILITAS KESEHATAN,SUSUKAN,CIRACAS,JAKARTA TIMUR
-6.225658382,106.9452887,Point,362,6455,Puskesmas Kelurahan Pondok Kopi II,FASILITAS KESEHATAN,PONDOK KOPI,DUREN SAWIT,JAKARTA TIMUR
-6.299560877,106.8690406,Point,363,6498,Rumah Sakit Umum Al Fauzan,FASILITAS KESEHATAN,KAMPUNG TENGAH,KRAMAT JATI,JAKARTA TIMUR
-6.307426918,106.8588998,Point,364,6499,Rumah Sakit Cijantung,FASILITAS KESEHATAN,GEDONG,PASAR REBO,JAKARTA TIMUR
-6.2938793,106.8850862,Point,365,6500,Puskesmas Pinang Ranti,FASILITAS KESEHATAN,PINANG RANTI,MAKASAR,JAKARTA TIMUR
-6.297058739,106.8732881,Point,366,6501,Puskesmas Kelurahan Rambutan,FASILITAS KESEHATAN,KAMPUNG RAMBUTAN,CIRACAS,JAKARTA TIMUR
-6.293928992,106.9054404,Point,367,6502,Puskesmas Kelurahan Lubang Buaya,FASILITAS KESEHATAN,LUBANG BUAYA,CIPAYUNG,JAKARTA TIMUR
-6.2958671,106.8556134,Point,368,6503,Puskesmas Kelurahan Gedong,FASILITAS KESEHATAN,GEDONG,PASAR REBO,JAKARTA TIMUR
-6.301954592,106.8799511,Point,369,6504,Puskesmas Kelurahan Dukuh,FASILITAS KESEHATAN,DUKUH,KRAMAT JATI,JAKARTA TIMUR
-6.310673608,106.8932754,Point,370,6505,Puskesmas Kelurahan Ceger,FASILITAS KESEHATAN,CEGER,CIPAYUNG,JAKARTA TIMUR
-6.311164723,106.8739075,Point,371,6506,Puskesmas Kecamatan Ciracas,FASILITAS KESEHATAN,SUSUKAN,CIRACAS,JAKARTA TIMUR
-6.291971153,106.9058247,Point,372,6507,Puskesmas Kecamatan Cipayung,FASILITAS KESEHATAN,LUBANG BUAYA,CIPAYUNG,JAKARTA TIMUR
-6.245530639,106.9427951,Point,373,6612,Rumah Sakit Ibu Anak Dr.Euis,FASILITAS KESEHATAN,PONDOK KELAPA,DUREN SAWIT,JAKARTA TIMUR
-6.233256243,106.9395973,Point,374,6613,Puskesmas Pondok Kopi I,FASILITAS KESEHATAN,PONDOK KELAPA,DUREN SAWIT,JAKARTA TIMUR
-6.256659202,106.8918505,Point,375,6680,RS. ANTARIKSA ESNAWAN,FASILITAS KESEHATAN,HALIM PERDANA KUSUMA,MAKASAR,JAKARTA TIMUR
-6.263434899,106.8763067,Point,376,6698,KANTOR KESEHATAN PELABUHAN SOEKARNO HATTA,FASILITAS KESEHATAN,KEBON PALA,MAKASAR,JAKARTA TIMUR
-6.267411378,106.87779,Point,377,6707,PUSKESMAS KELURAHAN HALIM PERDANA KUSUMA,FASILITAS KESEHATAN,HALIM PERDANA KUSUMA,MAKASAR,JAKARTA TIMUR
-6.27148405,106.8757327,Point,378,6712,PUSKESMAS KELURAHAN MAKASAR,FASILITAS KESEHATAN,MAKASAR,MAKASAR,JAKARTA TIMUR
-6.282334317,106.8782794,Point,379,6742,PUSKESMAS KEC. MAKASAR,FASILITAS KESEHATAN,MAKASAR,MAKASAR,JAKARTA TIMUR
-6.289841993,106.889179,Point,380,6764,RUMAH SAKIT HAJI,FASILITAS KESEHATAN,PINANG RANTI,MAKASAR,JAKARTA TIMUR
-6.288324825,106.8927477,Point,381,6769,PUSKESMAS HALIM PERDANA KUSUMA,FASILITAS KESEHATAN,HALIM PERDANA KUSUMA,MAKASAR,JAKARTA TIMUR
-6.275651743,106.8696509,Point,382,6812,RS DIK PUSDIKKES,FASILITAS KESEHATAN,KRAMAT JATI,KRAMAT JATI,JAKARTA TIMUR
-6.278669873,106.8726286,Point,383,6832,PUSKESMAS KELURAHAN KRAMATJATI,FASILITAS KESEHATAN,KRAMAT JATI,KRAMAT JATI,JAKARTA TIMUR
-6.281787548,106.8715313,Point,384,6848,RS BERSALIN ELSHAMA,FASILITAS KESEHATAN,KAMPUNG TENGAH,KRAMAT JATI,JAKARTA TIMUR
-6.284568998,106.8592647,Point,385,6854,PUSKESMAS BATU AMPAR,FASILITAS KESEHATAN,BATU AMPAR,KRAMAT JATI,JAKARTA TIMUR
-6.286877639,106.8622545,Point,386,6855,RS UMUM KRAMATJATI,FASILITAS KESEHATAN,KAMPUNG TENGAH,KRAMAT JATI,JAKARTA TIMUR
-6.345676504,106.8739186,Point,387,6907,RUMAH SAKIT UMUM CIRACAS,FASILITAS KESEHATAN,CIBUBUR,CIRACAS,JAKARTA TIMUR
-6.209236662,106.9429303,Point,388,6927,RSIA SETYA MULYA,FASILITAS KESEHATAN,PULO GEBANG,CAKUNG,JAKARTA TIMUR
-6.220074685,106.9396946,Point,389,6933,RUMAH SAKIT ISLAM JAKARTA PONDOK KOPI,FASILITAS KESEHATAN,PONDOK KOPI,DUREN SAWIT,JAKARTA TIMUR
-6.347538911,106.8834176,Point,390,7000,PUSKESMAS KELAPA DUA WETAN,FASILITAS KESEHATAN,KELAPA DUA WETAN,CIRACAS,JAKARTA TIMUR
-6.348885597,106.8992774,Point,391,7044,PUSKESMAS MUNJUL,FASILITAS KESEHATAN,MUNJUL,CIPAYUNG,JAKARTA TIMUR
-6.347628385,106.9144828,Point,392,7086,PUSKESMAS KELURAHAN PONDOK RANGON,FASILITAS KESEHATAN,PONDOK RANGON,CIPAYUNG,JAKARTA TIMUR
-6.339341256,106.8614559,Point,393,7113,PUSKESMAS PASAR REBO,FASILITAS KESEHATAN,PEKAYON,PASAR REBO,JAKARTA TIMUR
-6.346883029,106.8724346,Point,394,7177,RUMAH SAKIT GIYA HUSADA FATMAWATI,FASILITAS KESEHATAN,CIBUBUR,CIRACAS,JAKARTA TIMUR
-6.200179477,106.8553571,Point,395,7214,RS Jantung Jakarta,FASILITAS KESEHATAN,PALMERIAM,MATRAMAN,JAKARTA TIMUR
-6.205152255,106.8589745,Point,396,7216,Puskesmas Palmeriam,FASILITAS KESEHATAN,PALMERIAM,MATRAMAN,JAKARTA TIMUR
-6.204288983,106.88435,Point,397,7242,RSU Persahabatan,FASILITAS KESEHATAN,PISANGAN TIMUR,PULO GADUNG,JAKARTA TIMUR
-6.206168751,106.8797561,Point,398,7264,Puskesmas Kelurahan Pisangan Timur 1,FASILITAS KESEHATAN,PISANGAN TIMUR,PULO GADUNG,JAKARTA TIMUR
-6.202411522,106.8906023,Point,399,7299,Klinik Hemolisa Pandaoni Medika,FASILITAS KESEHATAN,CIPINANG,PULO GADUNG,JAKARTA TIMUR
-6.206338377,106.8921311,Point,400,7301,Klinik Pratama Al-Fathonah Sayang Ibu,FASILITAS KESEHATAN,CIPINANG,PULO GADUNG,JAKARTA TIMUR
-6.20728344,106.8896815,Point,401,7303,Pusdokkes Polri,FASILITAS KESEHATAN,CIPINANG,PULO GADUNG,JAKARTA TIMUR
-6.205705967,106.8946478,Point,402,7307,Puskesmas Kelurahan Cipinang,FASILITAS KESEHATAN,CIPINANG,PULO GADUNG,JAKARTA TIMUR
-6.204510614,106.8984728,Point,403,7310,Perusahaan Daerah Air Minum,FASILITAS KESEHATAN,JATINEGARA KAUM,PULO GADUNG,JAKARTA TIMUR
-6.195989091,106.8864595,Point,404,7334,RS Dharma Nugraha,FASILITAS KESEHATAN,RAWAMANGUN,PULO GADUNG,JAKARTA TIMUR
-6.196372257,106.8854869,Point,405,7336,RS Rawamangun,FASILITAS KESEHATAN,RAWAMANGUN,PULO GADUNG,JAKARTA TIMUR
-6.192707068,106.8826957,Point,406,7345,RS Khusus Mata SMECO Jakarta,FASILITAS KESEHATAN,RAWAMANGUN,PULO GADUNG,JAKARTA TIMUR
-6.198035333,106.9054298,Point,407,7417,Puskesmas Kecamatan Cakung,FASILITAS KESEHATAN,JATINEGARA,CAKUNG,JAKARTA TIMUR
-6.195278748,106.9058965,Point,408,7429,RS Harapan Jayakarta,FASILITAS KESEHATAN,JATINEGARA,CAKUNG,JAKARTA TIMUR
-6.192682907,106.9026513,Point,409,7431,RS Antam Medika,FASILITAS KESEHATAN,JATINEGARA KAUM,PULO GADUNG,JAKARTA TIMUR
-6.255145846,106.7776739,Point,410,7569,RUMAH SAKIT YADIKA KEBAYORAN LAMA,FASILITAS KESEHATAN,KEBAYORAN LAMA SELATAN,KEBAYORAN LAMA,JAKARTA SELATAN
-6.2550032,106.809702,Point,411,7582,APOTIK,FASILITAS KESEHATAN,PELAMAMPANG,MAMPANG PRAPATAN,JAKARTA SELATAN
-6.267434973,106.79706,Point,412,7592,KLINIK GRAHA MEDIKA,FASILITAS KESEHATAN,GANDARIA SELATAN,CILANDAK,JAKARTA SELATAN
-6.263714857,106.8069334,Point,413,7601,PUSKESMAS CIPETE UTARA,FASILITAS KESEHATAN,CIPETE UTARA,KEBAYORAN BARU,JAKARTA SELATAN
-6.236507549,106.8158516,Point,414,7645,RUMAH SAKIT IBU DAN ANAK PANTI NUGRAHA,FASILITAS KESEHATAN,RAWA BARAT,KEBAYORAN BARU,JAKARTA SELATAN
-6.247364333,106.8055954,Point,415,7684,PUSKESMAS KECAMATAN KEBAYORAN BARU,FASILITAS KESEHATAN,MELAWAI,KEBAYORAN BARU,JAKARTA SELATAN
-6.236763753,106.811266,Point,416,7702,RS KHUSUS THT - BEDAH CIRANJANG,FASILITAS KESEHATAN,RAWA BARAT,KEBAYORAN BARU,JAKARTA SELATAN
-6.24229483,106.8102513,Point,417,7714,KLINIK,FASILITAS KESEHATAN,PETOGOGAN,KEBAYORAN BARU,JAKARTA SELATAN
-6.231587432,106.7917724,Point,418,7732,KLINIK PERTAMEDIKA,FASILITAS KESEHATAN,GUNUNG,KEBAYORAN BARU,JAKARTA SELATAN
-6.243924746,106.7907769,Point,419,7737,RUMAH SAKIT GANDARIA,FASILITAS KESEHATAN,KRAMAT PELA,KEBAYORAN BARU,JAKARTA SELATAN
-6.236609586,106.7796248,Point,420,7770,PUSKESMAS CIPULIR,FASILITAS KESEHATAN,CIPULIR,KEBAYORAN LAMA,JAKARTA SELATAN
-6.254830341,106.7612791,Point,421,7792,POSYANDU MAWAR 1,FASILITAS KESEHATAN,PASANGGRAHAN,PASANGGRAHAN,JAKARTA SELATAN
-6.252178828,106.7560944,Point,422,7793,PUSKESMAS KECAMATAN PASANGGRAHAN,FASILITAS KESEHATAN,PASANGGRAHAN,PASANGGRAHAN,JAKARTA SELATAN
-6.268043426,106.7613989,Point,423,7813,POSYANDU KETUK,FASILITAS KESEHATAN,BINTARO,PASANGGRAHAN,JAKARTA SELATAN
-6.258397676,106.7560549,Point,424,7824,KLINIK PRATAMA,FASILITAS KESEHATAN,PASANGGRAHAN,PASANGGRAHAN,JAKARTA SELATAN
-6.258175353,106.7567558,Point,425,7825,RSU KECAMATAN PASANGGRAHAN,FASILITAS KESEHATAN,PASANGGRAHAN,PASANGGRAHAN,JAKARTA SELATAN
-6.253855555,106.7604437,Point,426,7840,POSYANDU,FASILITAS KESEHATAN,PASANGGRAHAN,PASANGGRAHAN,JAKARTA SELATAN
-6.246370538,106.7724979,Point,427,7845,PUSKESMAS KELURAHAN KEBAYORAN LAMA UTARA,FASILITAS KESEHATAN,KEBAYORAN LAMA UTARA,KEBAYORAN LAMA,JAKARTA SELATAN
-6.248730884,106.7856029,Point,428,7859,PUSKESMAS KELURAHAN KEBAYORAN LAMA SELATAN,FASILITAS KESEHATAN,KEBAYORAN LAMA SELATAN,KEBAYORAN LAMA,JAKARTA SELATAN
-6.243233997,106.7871519,Point,429,7865,POSYANDU MANGGIS,FASILITAS KESEHATAN,KRAMAT PELA,KEBAYORAN BARU,JAKARTA SELATAN
-6.241626142,106.787211,Point,430,7866,RS MUHAMMADIYAH TAMAN PURING,FASILITAS KESEHATAN,KRAMAT PELA,KEBAYORAN BARU,JAKARTA SELATAN
-6.240320913,106.7838409,Point,431,7881,KLINIK UTAMA JRC PPTI,FASILITAS KESEHATAN,KEBAYORAN  LAMA UTARA,KEBAYORAN LAMA,JAKARTA SELATAN
-6.240001209,106.7903835,Point,432,7887,PUSKESMAS KELURAHAN GUNUNG,FASILITAS KESEHATAN,GUNUNG,KEBAYORAN BARU,JAKARTA SELATAN
-6.237851133,106.7902872,Point,433,7890,KLINIK PRATAMA SARANA SEHAT SEJAHTERA,FASILITAS KESEHATAN,GUNUNG,KEBAYORAN BARU,JAKARTA SELATAN
-6.235719062,106.7756225,Point,434,7899,PUSKESMAS CIPULIR 1,FASILITAS KESEHATAN,CIPULIR,KEBAYORAN LAMA,JAKARTA SELATAN
-6.231262512,106.780938,Point,435,7908,PUSKESMAS GROGOL SELATAN,FASILITAS KESEHATAN,GROGOL SELATAN,KEBAYORAN LAMA,JAKARTA SELATAN
-6.245667323,106.8029568,Point,436,7924,KLINIK PRATAMA GPIB EFFATHA,FASILITAS KESEHATAN,MELAWAI,KEBAYORAN BARU,JAKARTA SELATAN
-6.246607181,106.8019099,Point,437,7928,KLINIK TRIBATA,FASILITAS KESEHATAN,MELAWAI,KEBAYORAN BARU,JAKARTA SELATAN
-6.247975175,106.8009235,Point,438,7931,RSIA ASIH,FASILITAS KESEHATAN,MELAWAI,KEBAYORAN BARU,JAKARTA SELATAN
-6.243615658,106.8071835,Point,439,7935,BALKESMAS STIK - PTIK,FASILITAS KESEHATAN,MELAWAI,KEBAYORAN BARU,JAKARTA SELATAN
-6.231866611,106.8106699,Point,440,7940,APOTEK POTENZA,FASILITAS KESEHATAN,SENAYAN,KEBAYORAN BARU,JAKARTA SELATAN
-6.232915671,106.8123717,Point,441,7941,KLINIK UTAMA TIARA,FASILITAS KESEHATAN,SENAYAN,KEBAYORAN BARU,JAKARTA SELATAN
-6.239429608,106.8107618,Point,442,7950,KLINIK CIKAJANG,FASILITAS KESEHATAN,PETOGOGAN,KEBAYORAN BARU,JAKARTA SELATAN
-6.242250489,106.8101763,Point,443,7952,APOTEK,FASILITAS KESEHATAN,PETOGOGAN,KEBAYORAN BARU,JAKARTA SELATAN
-6.244376919,106.8097722,Point,444,7953,KLINIK DAN LABORATORIUM BIOTEST,FASILITAS KESEHATAN,PETOGOGAN,KEBAYORAN BARU,JAKARTA SELATAN
-6.245007935,106.8159284,Point,445,7961,KLINIK UTAMA ESTI,FASILITAS KESEHATAN,PELAMAMPANG,MAMPANG PERAPATAN,JAKARTA SELATAN
-6.235194812,106.8158359,Point,446,7975,BHAKTI HUSADA,FASILITAS KESEHATAN,RAWA BARAT,KEBAYORAN BARU,JAKARTA SELATAN
-6.236362279,106.8170679,Point,447,7986,POSYANDU LANSIA LILI,FASILITAS KESEHATAN,RAWA BARAT,KEBAYORAN BARU,JAKARTA SELATAN
-6.237084979,106.8187762,Point,448,7989,PUSKESMAS KUNINGAN BARAT,FASILITAS KESEHATAN,KUNINGAN BARAT,MAMPANG PRAPATAN,JAKARTA SELATAN
-6.240489708,106.827024,Point,449,8044,RSUD MAMPANG PRAPATAN,FASILITAS KESEHATAN,MAMPANG PRAPATAN,MAMPANG PRAPATAN,JAKARTA SELATAN
-6.240802767,106.8269052,Point,450,8045,PUSKESMAS KEC. MAMPANG PRAPATAN,FASILITAS KESEHATAN,MAMPANG PRAPATAN,MAMPANG PRPAPATAN,JAKARTA SELATAN
-6.241052479,106.7541523,Point,451,8177,PUSKESMAS PETUKANGAN SELATAN,FASILITAS KESEHATAN,PETUKANGAN SELATAN,PESANGGRAHAN,JAKARTA SELATAN
-6.237821434,106.7621046,Point,452,8184,APOTEK ULUJAMI,FASILITAS KESEHATAN,ULUJAMI,PESANGGRAHAN,JAKARTA SELATAN
-6.236854799,106.7515905,Point,453,8187,RS PETUKANGAN,FASILITAS KESEHATAN,PETUKANGAN SELATAN,PESANGGRAHAN,JAKARTA SELATAN
-6.225781151,106.7548164,Point,454,8206,TAMAN ALFA MEDIKA,FASILITAS KESEHATAN,PETUKANGAN UTARA,PESANGGRAHAN,JAKARTA SELATAN
-6.218356245,106.7630413,Point,455,8245,PERMATA MEDITERANIA,FASILITAS KESEHATAN,SRENGSENG,KEMBANGAN,JAKARTA BARAT
-6.19070994,106.8148057,Point,456,8300,RUMAH SAKIT TIPE D TANAH ABANG,FASILITAS KESEHATAN,KEBON KACANG,TANAH ABANG,JAKARTA PUSAT
-6.191760019,106.8298816,Point,457,8310,KLINIK WARINGIN MEDIKA,FASILITAS KESEHATAN,GONDANGDIA,MENTENG,JAKARTA PUSAT
-6.18983238,106.8290842,Point,458,8313,RUMAH SAKIT ABDI WALUYO,FASILITAS KESEHATAN,GONDANGDIA,MENTENG,JAKARTA PUSAT
-6.185573478,106.7979289,Point,459,8572,PUSAT JANTUNG NASIONAL RSAB HARAPAN KITA,FASILITAS KESEHATAN, , , 
-6.168597354,106.7976526,Point,460,8573,RS SUMBER WARAS,FASILITAS KESEHATAN, , , 
-6.183884953,106.7976964,Point,461,8574,PUSAT PENDENGARAN - WICARA RSAB HARAPAN KITA,FASILITAS KESEHATAN, , , 
-6.184791339,106.7980523,Point,462,8575,IGD RSAB HARAPAN KITA,FASILITAS KESEHATAN, , , 
-6.19727755,106.7926787,Point,463,8576,RS PATRIA IKKT,FASILITAS KESEHATAN, , , 
-6.202994725,106.7731462,Point,464,8577,RS BERSALIN DR SANUSI,FASILITAS KESEHATAN, , , 
-6.199537136,106.8007299,Point,465,8578,RUMAH SAKIT,FASILITAS KESEHATAN, , , 
-6.171632842,106.8103182,Point,466,8579,RSUD TARAKAN,FASILITAS KESEHATAN, , , 
-6.186959808,106.7980818,Point,467,8580,RSAB HARAPAN KITA,FASILITAS KESEHATAN, , , 
-6.1853298,106.7994892,Point,468,8581,DIVISI LITBANGG RSAB HARAPAN KITA,FASILITAS KESEHATAN, , , 
-6.185512103,106.7988421,Point,469,8582,IGD DAN FARMASI RSAB HARAPAN KITA,FASILITAS KESEHATAN, , , 
-6.199128575,106.8005024,Point,470,8583,RUMAH SAKIT,FASILITAS KESEHATAN, , , 
-6.19914175,106.8004357,Point,471,8584,RUMAH SAKIT,FASILITAS KESEHATAN, , , 
-6.1991454,106.8003551,Point,472,8585,RUMAH SAKIT,FASILITAS KESEHATAN, , , 
-6.1997053,106.8004621,Point,473,8586,RUMAH SAKIT,FASILITAS KESEHATAN, , , 
-6.1992554,106.8006207,Point,474,8587,RUMAH SAKIT,FASILITAS KESEHATAN, , , 
-6.184805823,106.7990009,Point,475,8588,RAWAT IANP RSAB HARAPAN KITA,FASILITAS KESEHATAN, , , 
-6.167001099,106.7979008,Point,476,8589,RS SUMBER WARAS,FASILITAS KESEHATAN, , , 
-6.167349681,106.7981174,Point,477,8590,RS SUMBER WARAS,FASILITAS KESEHATAN, , , 
-6.167443,106.7986539,Point,478,8591,RS SUMBER WARAS,FASILITAS KESEHATAN, , , 
-6.16770635,106.7987047,Point,479,8592,RS SUMBER WARAS,FASILITAS KESEHATAN, , , 
-6.167147273,106.7986441,Point,480,8593,RS SUMBER WARAS,FASILITAS KESEHATAN, , , 
-6.20303035,106.7726836,Point,481,8594,RS BERSALIN ANGGREK MAS,FASILITAS KESEHATAN, , , 
-6.185598554,106.7714605,Point,482,8595,RS BINA SEHAT MANDIRI,FASILITAS KESEHATAN, , , 
-6.166855282,106.7854251,Point,483,8596,RS ROYAL TARUMA,FASILITAS KESEHATAN, , , 
-6.168420222,106.7982563,Point,484,8597,RS SUMBER WARAS,FASILITAS KESEHATAN, , , 
-6.169160246,106.7983824,Point,485,8598,RS SUMBER WARAS,FASILITAS KESEHATAN, , , 
-6.1677064,106.797782,Point,486,8599,RS SUMBER WARAS,FASILITAS KESEHATAN, , , 
-6.167991224,106.7979311,Point,487,8600,RS SUMBER WARAS,FASILITAS KESEHATAN, , , 
-6.168341098,106.7981095,Point,488,8601,RS SUMBER WARAS,FASILITAS KESEHATAN, , , 
-6.168460296,106.7987834,Point,489,8602,RS SUMBER WARAS,FASILITAS KESEHATAN, , , 
-6.16827965,106.7984343,Point,490,8603,RS SUMBER WARAS,FASILITAS KESEHATAN, , , 
-6.1690355,106.7980508,Point,491,8604,RS SUMBER WARAS,FASILITAS KESEHATAN, , , 
-6.168938692,106.7987394,Point,492,8605,RS SUMBER WARAS,FASILITAS KESEHATAN, , , 
-6.206863974,106.808541,Point,493,8612,PUSKESMAS BENDUNGAN HILIR,FASILITAS KESEHATAN, , , 
-6.176953688,106.8038557,Point,494,8613,PUSKESMAS JATI PULO,FASILITAS KESEHATAN, , , 
-6.179831985,106.8082886,Point,495,8614,PUSKESMAS PALMERAH,FASILITAS KESEHATAN, , , 
-6.1916437,106.7960708,Point,496,8615,PUSKESMAS KEMANGGISAN,FASILITAS KESEHATAN, , , 
-6.186368488,106.8074395,Point,497,8616,PUSKESMAS KOTA BAMBU SELATAN,FASILITAS KESEHATAN, , , 
-6.1833211,106.8089469,Point,498,8617,PUSKESMAS KOTA BAMBU UTARA,FASILITAS KESEHATAN, , , 
-6.174899794,106.8006207,Point,499,8618,PUSKESMAS TOMANG,FASILITAS KESEHATAN, , , 
-6.192481798,106.8025557,Point,500,8619,PUSKESMAS 1,FASILITAS KESEHATAN, , , 
-6.197256342,106.8025583,Point,501,8620,PUSKESMAS 2 SLIPI,FASILITAS KESEHATAN, , , 
-6.180564973,106.7755357,Point,502,8621,PUSKESMAS DURI KEPA,FASILITAS KESEHATAN, , , 
-6.198070676,106.808544,Point,503,8622,KLINIK SELASIH,FASILITAS KESEHATAN, , , 
-6.190693105,106.809314,Point,504,8623,POLIKLINIK YASMIN,FASILITAS KESEHATAN, , , 
-6.196161928,106.8083599,Point,505,8624,PUSKESMAS PETAMBURAN,FASILITAS KESEHATAN, , , 
-6.200281611,106.8010992,Point,506,8625,KLINIK SAKURA,FASILITAS KESEHATAN, , , 
-6.193206404,106.8044841,Point,507,8626,POLIKLINIK RS PELNI,FASILITAS KESEHATAN, , , 
-6.179174081,106.8107323,Point,508,8627,KLINIK HATI,FASILITAS KESEHATAN, , , 
-6.172759392,106.8072805,Point,509,8628,PUSKESMAS CIDENG,FASILITAS KESEHATAN, , , 
-6.170846672,106.8091036,Point,510,8629,KLINIK PELA 9,FASILITAS KESEHATAN, , , 
-6.204145686,106.7876558,Point,511,8630,KLINIK PRATAMA YAKRIJA,FASILITAS KESEHATAN, , , 
-6.201219497,106.7914153,Point,512,8631,PUSKESMAS PALMERAH I,FASILITAS KESEHATAN, , , 
-6.202726022,106.7829234,Point,513,8632,KLINIK MATRA MEDIKA,FASILITAS KESEHATAN, , , 
-6.208034024,106.7888794,Point,514,8633,PUSKESMAS PALMERAH,FASILITAS KESEHATAN, , , 
-6.201464523,106.7947196,Point,515,8634,KLINIK,FASILITAS KESEHATAN, , , 
-6.194160969,106.7902476,Point,516,8635,KLINIK YAKRIJA UTAMA,FASILITAS KESEHATAN, , , 
-6.189923055,106.7909882,Point,517,8636,KLINIK ERHA KEMANGGISAN,FASILITAS KESEHATAN, , , 
-6.18958135,106.7907267,Point,518,8637,KLINIK KEMANGGISAN,FASILITAS KESEHATAN, , , 
-6.185302829,106.7999075,Point,519,8638,POLIKLINIK EKSEKUTIF PAVILIUN SUKAMAN,FASILITAS KESEHATAN, , , 
-6.199846122,106.8016679,Point,520,8639,KLINIK GRIYA MEDIKA,FASILITAS KESEHATAN, , , 
-6.196120944,106.8067123,Point,521,8640,KLINIK PRATAMA BETHEL,FASILITAS KESEHATAN, , , 
-6.202826487,106.802457,Point,522,8641,POSYANDU MAWAR,FASILITAS KESEHATAN, , , 
-6.202173078,106.8106896,Point,523,8642,PUSKESMAS TANAH ABANG,FASILITAS KESEHATAN, , , 
-6.190003383,106.8064032,Point,524,8643,KLINIK MISCHA MEDIKA,FASILITAS KESEHATAN, , , 
-6.181465033,106.8089173,Point,525,8644,KLINIK IBNU SINA MEDIKA,FASILITAS KESEHATAN, , , 
-6.2039847,106.8109221,Point,526,8645,POSYANDU SEDAP MALAM III,FASILITAS KESEHATAN, , , 
-6.206517714,106.7767669,Point,527,8646,KLINIK UMUM SUKABUMI,FASILITAS KESEHATAN, , , 
-6.203279,106.7744306,Point,528,8647,PUSKESMAS SUKABUMI UTARA,FASILITAS KESEHATAN, , , 
-6.207258912,106.7708927,Point,529,8648,PUSKESMAS KELAPA DUA,FASILITAS KESEHATAN, , , 
-6.190094,106.7790137,Point,530,8649,PUSKESMAS KEBON JERUK,FASILITAS KESEHATAN, , , 
-6.180570775,106.7853504,Point,531,8650,PUSKESMAS TANJUNG DUREN SELATAN,FASILITAS KESEHATAN, , , 
-6.183514586,106.7836356,Point,532,8651,KLINIK DR. HERDIMAN,FASILITAS KESEHATAN, , , 
-6.172512233,106.7849073,Point,533,8652,POSYANDU BOUGENVILLE,FASILITAS KESEHATAN, , , 
-6.170930233,106.7813953,Point,534,8653,PUSKESMAS TANJUNG DUREN UTARA,FASILITAS KESEHATAN, , , 
-6.17268065,106.7989755,Point,535,8654,PUSKESMAS TOMANG,FASILITAS KESEHATAN, , , 
-6.192909458,106.8057546,Point,536,8925,APOTEK ANTASARI,FASILITAS KESEHATAN, , , 
-6.186071834,106.7963744,Point,537,8926,APOTEK KIMIA FARMA,FASILITAS KESEHATAN, , , 
-6.192074385,106.8056215,Point,538,8927,APOTEK KIMIA FARMA,FASILITAS KESEHATAN, , , 
-6.245667323,106.8029568,Point,566,9391,KLINIK PRATAMA GPIB EFFATHA,FASILITAS KESEHATAN,MELAWAI,KEBAYORAN BARU,JAKARTA SELATAN
-6.246607181,106.8019099,Point,567,9395,KLINIK TRIBATA,FASILITAS KESEHATAN,MELAWAI,KEBAYORAN BARU,JAKARTA SELATAN
-6.247975175,106.8009235,Point,568,9398,RSIA ASIH,FASILITAS KESEHATAN,MELAWAI,KEBAYORAN BARU,JAKARTA SELATAN
-6.243615658,106.8071835,Point,569,9402,BALKESMAS STIK - PTIK,FASILITAS KESEHATAN,MELAWAI,KEBAYORAN BARU,JAKARTA SELATAN
-6.231866611,106.8106699,Point,570,9407,APOTEK POTENZA,FASILITAS KESEHATAN,SENAYAN,KEBAYORAN BARU,JAKARTA SELATAN
-6.232915671,106.8123717,Point,571,9408,KLINIK UTAMA TIARA,FASILITAS KESEHATAN,SENAYAN,KEBAYORAN BARU,JAKARTA SELATAN
-6.239429608,106.8107618,Point,572,9417,KLINIK CIKAJANG,FASILITAS KESEHATAN,PETOGOGAN,KEBAYORAN BARU,JAKARTA SELATAN
-6.242250489,106.8101763,Point,573,9419,APOTEK,FASILITAS KESEHATAN,PETOGOGAN,KEBAYORAN BARU,JAKARTA SELATAN
-6.244376919,106.8097722,Point,574,9420,KLINIK DAN LABORATORIUM BIOTEST,FASILITAS KESEHATAN,PETOGOGAN,KEBAYORAN BARU,JAKARTA SELATAN
-6.245007935,106.8159284,Point,575,9428,KLINIK UTAMA ESTI,FASILITAS KESEHATAN,PELAMAMPANG,MAMPANG PERAPATAN,JAKARTA SELATAN
-6.235194812,106.8158359,Point,576,9442,BHAKTI HUSADA,FASILITAS KESEHATAN,RAWA BARAT,KEBAYORAN BARU,JAKARTA SELATAN
-6.236362279,106.8170679,Point,577,9453,POSYANDU LANSIA LILI,FASILITAS KESEHATAN,RAWA BARAT,KEBAYORAN BARU,JAKARTA SELATAN
-6.237084979,106.8187762,Point,578,9456,PUSKESMAS KUNINGAN BARAT,FASILITAS KESEHATAN,KUNINGAN BARAT,MAMPANG PRAPATAN,JAKARTA SELATAN
-6.240489708,106.827024,Point,579,9511,RSUD MAMPANG PRAPATAN,FASILITAS KESEHATAN,MAMPANG PRAPATAN,MAMPANG PRAPATAN,JAKARTA SELATAN
-6.240802767,106.8269052,Point,580,9512,PUSKESMAS KEC. MAMPANG PRAPATAN,FASILITAS KESEHATAN,MAMPANG PRAPATAN,MAMPANG PRPAPATAN,JAKARTA SELATAN
-6.241052479,106.7541523,Point,581,9644,PUSKESMAS PETUKANGAN SELATAN,FASILITAS KESEHATAN,PETUKANGAN SELATAN,PESANGGRAHAN,JAKARTA SELATAN
-6.237821434,106.7621046,Point,582,9651,APOTEK ULUJAMI,FASILITAS KESEHATAN,ULUJAMI,PESANGGRAHAN,JAKARTA SELATAN
-6.236854799,106.7515905,Point,583,9654,RS PETUKANGAN,FASILITAS KESEHATAN,PETUKANGAN SELATAN,PESANGGRAHAN,JAKARTA SELATAN
-6.232342958,106.7625096,Point,584,9662,RS BERSALIN AVISENA,FASILITAS KESEHATAN,ULUJAMI,PESANGGRAHAN,JAKARTA SELATAN
-6.225781151,106.7548164,Point,585,9673,TAMAN ALFA MEDIKA,FASILITAS KESEHATAN,PETUKANGAN UTARA,PESANGGRAHAN,JAKARTA SELATAN
-6.218356245,106.7630413,Point,586,9712,PERMATA MEDITERANIA,FASILITAS KESEHATAN,SRENGSENG,KEMBANGAN,JAKARTA BARAT
-6.19070994,106.8148057,Point,587,9767,RUMAH SAKIT TIPE D TANAH ABANG,FASILITAS KESEHATAN,KEBON KACANG,TANAH ABANG,JAKARTA PUSAT
-6.191760019,106.8298816,Point,588,9777,KLINIK WARINGIN MEDIKA,FASILITAS KESEHATAN,GONDANGDIA,MENTENG,JAKARTA PUSAT
-6.18983238,106.8290842,Point,589,9780,RUMAH SAKIT ABDI WALUYO,FASILITAS KESEHATAN,GONDANGDIA,MENTENG,JAKARTA PUSAT
-6.185573478,106.7979289,Point,590,10039,PUSAT JANTUNG NASIONAL RSAB HARAPAN KITA,FASILITAS KESEHATAN, , , 
-6.168597354,106.7976526,Point,591,10040,RS SUMBER WARAS,FASILITAS KESEHATAN, , , 
-6.183884953,106.7976964,Point,592,10041,PUSAT PENDENGARAN - WICARA RSAB HARAPAN KITA,FASILITAS KESEHATAN, , , 
-6.184791339,106.7980523,Point,593,10042,IGD RSAB HARAPAN KITA,FASILITAS KESEHATAN, , , 
-6.19727755,106.7926787,Point,594,10043,RS PATRIA IKKT,FASILITAS KESEHATAN, , , 
-6.202994725,106.7731462,Point,595,10044,RS BERSALIN DR SANUSI,FASILITAS KESEHATAN, , , 
-6.199537136,106.8007299,Point,596,10045,RUMAH SAKIT,FASILITAS KESEHATAN, , , 
-6.171632842,106.8103182,Point,597,10046,RSUD TARAKAN,FASILITAS KESEHATAN, , , 
-6.186959808,106.7980818,Point,598,10047,RSAB HARAPAN KITA,FASILITAS KESEHATAN, , , 
-6.1853298,106.7994892,Point,599,10048,DIVISI LITBANGG RSAB HARAPAN KITA,FASILITAS KESEHATAN, , , 
-6.185512103,106.7988421,Point,600,10049,IGD DAN FARMASI RSAB HARAPAN KITA,FASILITAS KESEHATAN, , , 
-6.199128575,106.8005024,Point,601,10050,RUMAH SAKIT,FASILITAS KESEHATAN, , , 
-6.19914175,106.8004357,Point,602,10051,RUMAH SAKIT,FASILITAS KESEHATAN, , , 
-6.1991454,106.8003551,Point,603,10052,RUMAH SAKIT,FASILITAS KESEHATAN, , , 
-6.1997053,106.8004621,Point,604,10053,RUMAH SAKIT,FASILITAS KESEHATAN, , , 
-6.1992554,106.8006207,Point,605,10054,RUMAH SAKIT,FASILITAS KESEHATAN, , , 
-6.184805823,106.7990009,Point,606,10055,RAWAT IANP RSAB HARAPAN KITA,FASILITAS KESEHATAN, , , 
-6.167001099,106.7979008,Point,607,10056,RS SUMBER WARAS,FASILITAS KESEHATAN, , , 
-6.167349681,106.7981174,Point,608,10057,RS SUMBER WARAS,FASILITAS KESEHATAN, , , 
-6.167443,106.7986539,Point,609,10058,RS SUMBER WARAS,FASILITAS KESEHATAN, , , 
-6.16770635,106.7987047,Point,610,10059,RS SUMBER WARAS,FASILITAS KESEHATAN, , , 
-6.167147273,106.7986441,Point,611,10060,RS SUMBER WARAS,FASILITAS KESEHATAN, , , 
-6.20303035,106.7726836,Point,612,10061,RS BERSALIN ANGGREK MAS,FASILITAS KESEHATAN, , , 
-6.185598554,106.7714605,Point,613,10062,RS BINA SEHAT MANDIRI,FASILITAS KESEHATAN, , , 
-6.166855282,106.7854251,Point,614,10063,RS ROYAL TARUMA,FASILITAS KESEHATAN, , , 
-6.168420222,106.7982563,Point,615,10064,RS SUMBER WARAS,FASILITAS KESEHATAN, , , 
-6.169160246,106.7983824,Point,616,10065,RS SUMBER WARAS,FASILITAS KESEHATAN, , , 
-6.1677064,106.797782,Point,617,10066,RS SUMBER WARAS,FASILITAS KESEHATAN, , , 
-6.167991224,106.7979311,Point,618,10067,RS SUMBER WARAS,FASILITAS KESEHATAN, , , 
-6.168341098,106.7981095,Point,619,10068,RS SUMBER WARAS,FASILITAS KESEHATAN, , , 
-6.168460296,106.7987834,Point,620,10069,RS SUMBER WARAS,FASILITAS KESEHATAN, , , 
-6.16827965,106.7984343,Point,621,10070,RS SUMBER WARAS,FASILITAS KESEHATAN, , , 
-6.1690355,106.7980508,Point,622,10071,RS SUMBER WARAS,FASILITAS KESEHATAN, , , 
-6.168938692,106.7987394,Point,623,10072,RS SUMBER WARAS,FASILITAS KESEHATAN, , , 
-6.206863974,106.808541,Point,624,10079,PUSKESMAS BENDUNGAN HILIR,FASILITAS KESEHATAN, , , 
-6.176953688,106.8038557,Point,625,10080,PUSKESMAS JATI PULO,FASILITAS KESEHATAN, , , 
-6.179831985,106.8082886,Point,626,10081,PUSKESMAS PALMERAH,FASILITAS KESEHATAN, , , 
-6.1916437,106.7960708,Point,627,10082,PUSKESMAS KEMANGGISAN,FASILITAS KESEHATAN, , , 
-6.186368488,106.8074395,Point,628,10083,PUSKESMAS KOTA BAMBU SELATAN,FASILITAS KESEHATAN, , , 
-6.1833211,106.8089469,Point,629,10084,PUSKESMAS KOTA BAMBU UTARA,FASILITAS KESEHATAN, , , 
-6.174899794,106.8006207,Point,630,10085,PUSKESMAS TOMANG,FASILITAS KESEHATAN, , , 
-6.192481798,106.8025557,Point,631,10086,PUSKESMAS 1,FASILITAS KESEHATAN, , , 
-6.197256342,106.8025583,Point,632,10087,PUSKESMAS 2 SLIPI,FASILITAS KESEHATAN, , , 
-6.180564973,106.7755357,Point,633,10088,PUSKESMAS DURI KEPA,FASILITAS KESEHATAN, , , 
-6.198070676,106.808544,Point,634,10089,KLINIK SELASIH,FASILITAS KESEHATAN, , , 
-6.190693105,106.809314,Point,635,10090,POLIKLINIK YASMIN,FASILITAS KESEHATAN, , , 
-6.196161928,106.8083599,Point,636,10091,PUSKESMAS PETAMBURAN,FASILITAS KESEHATAN, , , 
-6.200281611,106.8010992,Point,637,10092,KLINIK SAKURA,FASILITAS KESEHATAN, , , 
-6.193206404,106.8044841,Point,638,10093,POLIKLINIK RS PELNI,FASILITAS KESEHATAN, , , 
-6.179174081,106.8107323,Point,639,10094,KLINIK HATI,FASILITAS KESEHATAN, , , 
-6.172759392,106.8072805,Point,640,10095,PUSKESMAS CIDENG,FASILITAS KESEHATAN, , , 
-6.170846672,106.8091036,Point,641,10096,KLINIK PELA 9,FASILITAS KESEHATAN, , , 
-6.204145686,106.7876558,Point,642,10097,KLINIK PRATAMA YAKRIJA,FASILITAS KESEHATAN, , , 
-6.201219497,106.7914153,Point,643,10098,PUSKESMAS PALMERAH I,FASILITAS KESEHATAN, , , 
-6.202726022,106.7829234,Point,644,10099,KLINIK MATRA MEDIKA,FASILITAS KESEHATAN, , , 
-6.208034024,106.7888794,Point,645,10100,PUSKESMAS PALMERAH,FASILITAS KESEHATAN, , , 
-6.201464523,106.7947196,Point,646,10101,KLINIK,FASILITAS KESEHATAN, , , 
-6.194160969,106.7902476,Point,647,10102,KLINIK YAKRIJA UTAMA,FASILITAS KESEHATAN, , , 
-6.189923055,106.7909882,Point,648,10103,KLINIK ERHA KEMANGGISAN,FASILITAS KESEHATAN, , , 
-6.18958135,106.7907267,Point,649,10104,KLINIK KEMANGGISAN,FASILITAS KESEHATAN, , , 
-6.185302829,106.7999075,Point,650,10105,POLIKLINIK EKSEKUTIF PAVILIUN SUKAMAN,FASILITAS KESEHATAN, , , 
-6.199846122,106.8016679,Point,651,10106,KLINIK GRIYA MEDIKA,FASILITAS KESEHATAN, , , 
-6.196120944,106.8067123,Point,652,10107,KLINIK PRATAMA BETHEL,FASILITAS KESEHATAN, , , 
-6.202826487,106.802457,Point,653,10108,POSYANDU MAWAR,FASILITAS KESEHATAN, , , 
-6.202173078,106.8106896,Point,654,10109,PUSKESMAS TANAH ABANG,FASILITAS KESEHATAN, , , 
-6.190003383,106.8064032,Point,655,10110,KLINIK MISCHA MEDIKA,FASILITAS KESEHATAN, , , 
-6.181465033,106.8089173,Point,656,10111,KLINIK IBNU SINA MEDIKA,FASILITAS KESEHATAN, , , 
-6.2039847,106.8109221,Point,657,10112,POSYANDU SEDAP MALAM III,FASILITAS KESEHATAN, , , 
-6.206517714,106.7767669,Point,658,10113,KLINIK UMUM SUKABUMI,FASILITAS KESEHATAN, , , 
-6.203279,106.7744306,Point,659,10114,PUSKESMAS SUKABUMI UTARA,FASILITAS KESEHATAN, , , 
-6.207258912,106.7708927,Point,660,10115,PUSKESMAS KELAPA DUA,FASILITAS KESEHATAN, , , 
-6.190094,106.7790137,Point,661,10116,PUSKESMAS KEBON JERUK,FASILITAS KESEHATAN, , , 
-6.180570775,106.7853504,Point,662,10117,PUSKESMAS TANJUNG DUREN SELATAN,FASILITAS KESEHATAN, , , 
-6.183514586,106.7836356,Point,663,10118,KLINIK DR. HERDIMAN,FASILITAS KESEHATAN, , , 
-6.172512233,106.7849073,Point,664,10119,POSYANDU BOUGENVILLE,FASILITAS KESEHATAN, , , 
-6.170930233,106.7813953,Point,665,10120,PUSKESMAS TANJUNG DUREN UTARA,FASILITAS KESEHATAN, , , 
-6.17268065,106.7989755,Point,666,10121,PUSKESMAS TOMANG,FASILITAS KESEHATAN, , , 
-6.192909458,106.8057546,Point,667,10392,APOTEK ANTASARI,FASILITAS KESEHATAN, , , 
-6.186071834,106.7963744,Point,668,10393,APOTEK KIMIA FARMA,FASILITAS KESEHATAN, , , 
-6.192074385,106.8056215,Point,669,10394,APOTEK KIMIA FARMA,FASILITAS KESEHATAN, , , 
-6.177605978,106.7987695,Point,670,10448,APOTEK TOMANG RAYA,FASILITAS KESEHATAN, , , 
-6.160447092,106.8323875,Point,671,10705,PUSKESMAS PASAR BARU,FASILITAS KESEHATAN,PASAR BARU,SAWAH BESAR,JAKARTA PUSAT
-6.169199979,106.844372,Point,672,10728,PUSKESMAS KELURAHAN BUNGUR,FASILITAS KESEHATAN,BUNGUR,SENEN,JAKARTA PUSAT
-6.163554996,106.8654783,Point,673,10799,PUSKESMAS KECAMATAN KEMAYORAN,FASILITAS KESEHATAN,SUMUR BATU,KEMAYORAN,JAKARTA PUSAT
-6.162765509,106.8651036,Point,674,10805,PUSKESMAS KELURAHAN SUMUR BATU,FASILITAS KESEHATAN,SUMUR BATU,KEMAYORAN,JAKARTA PUSAT
-6.16790405,106.9079717,Point,675,10830,PUSKESMAS KELAPA GADING,FASILITAS KESEHATAN,KELAPA GADING TIMUR,KELAPA GADING,JAKARTA UTARA
-6.166253119,106.9160349,Point,676,10848,RS GADING PLUIT,FASILITAS KESEHATAN,PEGANGSAAN DUA,KELAPA GADING,JAKARTA UTARA
-6.177148714,106.8369388,Point,677,10866,RSPAD GATOT SOEBROTO,FASILITAS KESEHATAN,SENEN,SENEN,JAKARTA PUSAT
-6.164950621,106.9504806,Point,678,10902,KLINIK BIDAN,FASILITAS KESEHATAN,CAKUNG TIMUR,CAKUNG,JAKARTA TIMUR
